Rank,Company Name,Number of Employees,"Change in 
Rank","Revenues
($millions)","Revenue
Change","Profits
($millions)","Profit 
Change","Assets
($millions)","Market Value 
As of 3/31/22 ($m)"
1,Walmart,"2,300,000",-,"$572,754",2.40%,"$13,673.00",1.20%,"$244,860","$409,795"
2,Amazon,"1,608,000",-,"$469,822",21.70%,"$33,364.00",56.40%,"$420,549","$1,658,807"
3,Apple,"154,000",-,"$365,817",33.30%,"$94,680.00",64.90%,"$351,002","$2,849,538"
4,CVS Health,"258,000",-,"$292,111",8.70%,"$7,910.00",10.20%,"$232,999","$132,839"
5,UnitedHealth Group,"350,000",-,"$287,597",11.80%,"$17,285.00",12.20%,"$212,206","$479,830"
6,Exxon Mobil,"63,000",4,"$285,640",57.40%,"$23,040.00",-,"$338,923","$349,652"
7,Berkshire Hathaway,"372,000",-1,"$276,094",12.50%,"$89,795.00",111.20%,"$958,784","$779,542"
8,Alphabet,"156,500",1,"$257,637",41.20%,"$76,033.00",88.80%,"$359,268","$1,842,326"
9,McKesson,"67,500",-2,"$238,228",3.10%,"-$4,539.00",-604.30%,"$65,015","$45,858"
10,AmerisourceBergen,"40,000",-2,"$213,989",12.70%,"$1,539.90",-,"$57,338","$32,356"
11,Costco Wholesale,"288,000",1,"$195,929",17.50%,"$5,007.00",25.10%,"$59,268","$255,231"
12,Cigna,"72,963",1,"$174,078",8.50%,"$5,365.00",-36.60%,"$154,889","$76,286"
13,AT&T,"202,600",-2,"$168,864",-1.70%,"$20,081.00",-,"$551,622","$169,262"
14,Microsoft,"181,000",1,"$168,088",17.50%,"$61,271.00",38.40%,"$333,779","$2,311,359"
15,Cardinal Health,"46,827",-1,"$162,467",6.20%,$611.00,-,"$44,453","$15,709"
16,Chevron,"42,595",11,"$162,465",71.60%,"$15,625.00",-,"$239,535","$317,120"
17,Home Depot,"490,600",1,"$151,157",14.40%,"$16,433.00",27.70%,"$71,876","$309,313"
18,Walgreens Boots Alliance,"258,500",-2,"$148,579",6.50%,"$2,542.00",457.50%,"$81,285","$38,671"
19,Marathon Petroleum,"17,700",13,"$141,032",58.50%,"$9,738.00",-,"$85,373","$47,758"
20,Anthem,"98,200",3,"$138,639",13.80%,"$6,104.00",33.50%,"$97,460","$118,534"
21,Kroger,"420,000",-4,"$137,888",4.10%,"$1,655.00",-36.00%,"$49,086","$41,496"
22,Ford Motor,"183,000",-1,"$136,341",7.20%,"$17,937.00",-,"$257,035","$67,958"
23,Verizon Communications,"118,400",-3,"$133,613",4.10%,"$22,065.00",24.00%,"$366,596","$213,837"
24,JPMorgan Chase,"271,025",-5,"$127,202",-1.80%,"$48,334.00",65.90%,"$3,743,567","$402,527"
25,General Motors,"157,000",-3,"$127,004",3.70%,"$10,019.00",55.90%,"$244,718","$63,555"
26,Centene,"72,500",-2,"$125,982",13.40%,"$1,347.00",-25.50%,"$78,375","$49,072"
27,Meta Platforms,"71,970",7,"$117,929",37.20%,"$39,370.00",35.10%,"$165,987","$605,251"
28,Comcast,"189,000",-2,"$116,385",12.40%,"$14,159.00",34.40%,"$275,905","$212,246"
29,Phillips 66,"14,000",19,"$114,852",75.40%,"$1,317.00",-,"$55,594","$41,561"
30,Valero Energy,"9,804",23,"$108,332",80.20%,$930.00,-,"$57,888","$41,572"
31,Dell Technologies,"133,000",-3,"$106,995",13.60%,"$5,563.00",71.20%,"$92,735","$38,164"
32,Target,"450,000",-2,"$106,005",13.30%,"$6,946.00",59.00%,"$53,811","$98,134"
33,Fannie Mae,"7,400",-8,"$101,543",-4.60%,"$22,176.00",87.90%,"$4,229,166",$909
34,UPS,"400,945",1,"$97,287",15.00%,"$12,890.00",859.80%,"$69,405","$186,817"
35,Lowe's,"270,000",-4,"$96,250",7.40%,"$8,442.00",44.70%,"$44,640","$133,761"
36,Bank of America,"208,248",-7,"$93,851",0.10%,"$31,978.00",78.70%,"$3,169,495","$332,433"
37,Johnson & Johnson,"141,700",-1,"$93,775",13.60%,"$20,878.00",41.90%,"$182,018","$466,047"
38,Archer Daniels Midland,"39,979",13,"$85,249",32.50%,"$2,709.00",52.90%,"$56,136","$50,769"
39,FedEx,"484,000",6,"$83,959",21.30%,"$5,231.00",306.80%,"$82,777","$59,971"
40,Humana,"95,500",1,"$83,064",7.70%,"$2,933.00",-12.90%,"$44,358","$55,155"
41,Wells Fargo,"247,848",-4,"$82,407",2.60%,"$21,548.00",552.80%,"$1,948,068","$184,225"
42,State Farm Insurance,"53,586",-3,"$82,225",4.20%,"$1,280.90",-65.70%,"$325,349",-
43,Pfizer,"79,000",34,"$81,288",94.00%,"$21,979.00",128.60%,"$181,476","$292,385"
44,Citigroup,"221,768",-11,"$79,865",-10.10%,"$21,952.00",98.70%,"$2,291,413","$105,330"
45,PepsiCo,"309,000",-1,"$79,474",12.90%,"$7,618.00",7.00%,"$92,377","$231,528"
46,Intel,"121,100",-6,"$79,024",1.50%,"$19,868.00",-4.90%,"$168,406","$202,636"
47,Procter & Gamble,"101,000",-4,"$76,118",7.30%,"$14,306.00",9.80%,"$119,307","$366,272"
48,General Electric,"168,000",-10,"$74,196",-6.80%,"-$6,520.00",-214.30%,"$198,874","$100,810"
49,IBM,"297,800",-7,"$72,344",-1.70%,"$5,743.00",2.70%,"$132,001","$116,928"
50,MetLife,"43,000",-4,"$71,080",4.80%,"$6,554.00",21.20%,"$759,708","$57,987"
51,Prudential Financial,"40,916",4,"$70,934",24.40%,"$7,724.00",-,"$937,582","$44,482"
52,Albertsons,"300,000",-,"$69,690",11.60%,$850.20,82.30%,"$26,598","$16,064"
53,Walt Disney,"171,000",-3,"$67,418",3.10%,"$1,995.00",-,"$203,609","$249,718"
54,Energy Transfer,"12,558",27,"$67,417",73.10%,"$5,470.00",-,"$105,963","$34,497"
55,Lockheed Martin,"114,000",-6,"$67,044",2.50%,"$6,315.00",-7.60%,"$50,873","$117,648"
56,Freddie Mac,"7,301",-9,"$65,898",-0.50%,"$12,109.00",65.30%,"$3,025,586",$510
57,Goldman Sachs Group,"43,900",2,"$64,989",21.50%,"$21,635.00",128.70%,"$1,463,988","$117,668"
58,Raytheon Technologies,"174,000",-1,"$64,388",13.80%,"$3,864.00",-,"$161,404","$147,641"
59,HP,"51,000",-3,"$63,487",12.10%,"$6,503.00",128.70%,"$38,610","$38,237"
60,Boeing,"142,000",-6,"$62,286",7.10%,"-$4,202.00",-,"$138,552","$113,059"
61,Morgan Stanley,"74,814",-,"$61,121",17.40%,"$15,034.00",36.70%,"$1,188,140","$155,686"
62,HCA Healthcare,"244,000",-,"$58,752",14.00%,"$6,956.00",85.30%,"$50,742","$75,692"
63,AbbVie,"50,000",5,"$56,197",22.70%,"$11,542.00",150.00%,"$146,529","$286,332"
64,Dow,"35,700",18,"$54,968",42.60%,"$6,311.00",415.20%,"$62,990","$46,840"
65,Tesla,"99,290",35,"$53,823",70.70%,"$5,519.00",665.50%,"$62,131","$1,113,708"
66,Allstate,"54,500",4,"$53,228",18.80%,"$1,599.00",-71.30%,"$99,440","$38,554"
67,AIG,"36,600",5,"$52,057",19.00%,"$9,388.00",-,"$596,112","$50,608"
68,Best Buy,"81,375",-2,"$51,761",9.50%,"$2,454.00",36.50%,"$17,504","$20,473"
69,Charter Communications,"93,700",-5,"$51,682",7.50%,"$4,654.00",44.40%,"$142,491","$112,803"
70,Sysco,"57,710",-10,"$51,298",-3.00%,$524.20,143.30%,"$21,414","$41,433"
71,Merck,"67,500",-6,"$51,216",6.70%,"$13,049.00",84.60%,"$105,694","$207,401"
72,New York Life Insurance,"14,344",-5,"$51,199",9.60%,$277.10,-,"$379,985",-
73,Caterpillar,"107,700",5,"$50,971",22.10%,"$6,489.00",116.40%,"$82,793","$119,407"
74,Cisco Systems,"79,500",-11,"$49,818",1.00%,"$10,591.00",-5.60%,"$97,497","$231,636"
75,TJX,"340,000",22,"$48,550",51.10%,"$3,282.80",3528.60%,"$28,462","$71,195"
76,Publix Super Markets,"232,000",-7,"$48,394",7.10%,"$4,412.20",11.10%,"$31,524",-
77,ConocoPhillips,"9,900",79,"$48,349",151.10%,"$8,079.00",-,"$90,661","$129,605"
78,Liberty Mutual Insurance Group,"45,000",-7,"$48,200",10.10%,"$3,068.00",304.70%,"$156,043",-
79,Progressive,"49,077",-5,"$47,702",11.80%,"$3,350.90",-41.30%,"$71,132","$66,670"
80,Nationwide,"24,134",-4,"$47,376",13.00%,"$1,617.20",-,"$278,412",-
81,Tyson Foods,"137,000",-8,"$47,049",8.90%,"$3,047.00",47.80%,"$36,309","$32,488"
82,Bristol-Myers Squibb,"32,200",-7,"$46,385",9.10%,"$6,994.00",-,"$109,314","$155,204"
83,Nike,"73,300",2,"$44,538",19.10%,"$5,727.00",125.60%,"$37,740","$212,779"
84,Deere,"75,550",4,"$44,024",23.90%,"$5,963.00",116.80%,"$84,114","$127,457"
85,American Express,"64,000",-2,"$43,663",14.30%,"$8,060.00",157.10%,"$188,548","$141,613"
86,Abbott Laboratories,"113,000",3,"$43,075",24.50%,"$7,071.00",57.30%,"$75,196","$208,726"
87,StoneX Group,"3,242",-29,"$42,534",-21.40%,$116.30,-31.40%,"$18,840","$1,494"
88,Plains GP Holdings,"4,100",39,"$42,078",80.70%,$60.00,-,"$29,978","$2,243"
89,Enterprise Products Partners,"6,911",16,"$40,807",50.00%,"$4,637.70",22.80%,"$67,526","$56,172"
90,TIAA,"15,065",-11,"$40,526",-2.60%,"$4,060.70",627.60%,"$698,191",-
91,Oracle,"132,000",-11,"$40,479",3.60%,"$13,746.00",35.60%,"$131,107","$220,737"
92,Thermo Fisher Scientific,"129,000",3,"$39,211",21.70%,"$7,725.00",21.20%,"$95,123","$231,057"
93,Coca-Cola,"79,000",-,"$38,655",17.10%,"$9,771.00",26.10%,"$94,354","$268,770"
94,General Dynamics,"103,100",-10,"$38,469",1.40%,"$3,257.00",2.80%,"$50,073","$67,081"
95,CHS,"9,941",8,"$38,448",35.40%,$554.00,31.10%,"$17,576",-
96,USAA,"37,335",-9,"$37,470",3.20%,"$3,300.00",-15.50%,"$210,677",-
97,Northwestern Mutual,"7,585",-7,"$36,751",8.80%,$977.80,130.10%,"$334,654",-
98,Nucor,"28,800",51,"$36,484",81.20%,"$6,827.50",846.30%,"$25,823","$39,954"
99,Exelon,"31,518",-7,"$36,347",10.00%,"$1,706.00",-13.10%,"$133,013","$46,684"
100,Massachusetts Mutual Life Insurance,"10,052",23,"$35,900",51.70%,$319.30,-,"$383,292",-
101,Northrop Grumman,"88,000",-15,"$35,667",-3.10%,"$7,005.00",119.70%,"$42,579","$69,812"
102,3M,"95,000",-6,"$35,355",9.90%,"$5,921.00",10.00%,"$47,072","$84,738"
103,Travelers,"30,492",-5,"$34,816",8.90%,"$3,662.00",35.80%,"$120,466","$44,129"
104,Arrow Electronics,"20,700",-2,"$34,477",20.20%,"$1,108.20",89.60%,"$19,536","$7,951"
105,Honeywell International,"99,000",-11,"$34,392",5.40%,"$5,542.00",16.00%,"$64,470","$133,381"
106,Dollar General,"163,000",-15,"$34,220",1.40%,"$2,399.20",-9.60%,"$26,327","$50,953"
107,Qualcomm,"45,000",17,"$33,566",42.60%,"$9,043.00",74.00%,"$41,240","$172,228"
108,Capital One Financial,"50,767",-9,"$32,033",1.20%,"$12,390.00",356.50%,"$432,381","$53,260"
109,TD Synnex,"27,000",8,"$31,614",28.10%,$395.10,-25.30%,"$27,666","$9,854"
110,Philip Morris International,"69,600",-9,"$31,405",9.40%,"$9,109.00",13.10%,"$41,290","$145,615"
111,World Fuel Services,"4,414",36,"$31,337",53.90%,$73.70,-32.80%,"$5,942","$1,716"
112,Performance Food Group,"22,885",2,"$30,399",21.20%,$40.70,-,"$7,846","$7,881"
113,Delta Air Lines,"83,000",65,"$29,899",74.90%,$280.00,-,"$72,459","$25,322"
114,American Airlines Group,"123,400",60,"$29,882",72.40%,"-$1,993.00",-,"$66,467","$11,847"
115,Netflix,"11,300",-,"$29,698",18.80%,"$5,116.20",85.30%,"$44,585","$166,304"
116,Paramount Global,"25,115",-7,"$29,579",13.00%,"$4,543.00",87.60%,"$58,620","$24,629"
117,US Foods Holding,"28,000",11,"$29,487",28.80%,$164.00,-,"$12,521","$8,392"
118,Danaher,"79,000",12,"$29,453",32.20%,"$6,433.00",76.40%,"$83,184","$209,993"
119,Jabil,"238,000",-15,"$29,285",7.40%,$696.00,1191.00%,"$16,654","$8,857"
120,Starbucks,"383,000",5,"$29,061",23.60%,"$4,199.30",352.40%,"$31,393","$104,643"
121,Mondelez International,"79,000",-13,"$28,720",8.00%,"$4,300.00",21.00%,"$67,092","$87,159"
122,Eli Lilly,"35,238",-4,"$28,318",15.40%,"$5,581.70",-9.90%,"$48,806","$272,724"
123,Hewlett Packard Enterprise,"60,400",-17,"$27,784",3.00%,"$3,427.00",-,"$57,699","$21,725"
124,D.R. Horton,"11,788",24,"$27,774",36.70%,"$4,175.80",75.90%,"$24,016","$26,403"
125,Molina Healthcare,"14,000",30,"$27,771",43.00%,$659.00,-2.10%,"$12,209","$19,573"
126,CBRE Group,"105,000",-4,"$27,746",16.50%,"$1,836.60",144.20%,"$22,074","$30,414"
127,Micron Technology,"43,000",8,"$27,705",29.30%,"$5,861.00",118.10%,"$58,849","$86,977"
128,Broadcom,"20,000",-7,"$27,450",14.90%,"$6,736.00",127.60%,"$75,570","$257,087"
129,Gilead Sciences,"14,400",-13,"$27,305",10.60%,"$6,225.00",4961.00%,"$67,952","$74,657"
130,PBF Energy,"3,418",73,"$27,253",80.30%,$231.00,-,"$11,641","$2,933"
131,Lennar,"10,753",-2,"$27,131",20.60%,"$4,430.10",79.70%,"$33,208","$23,413"
132,United Natural Foods,"28,300",-25,"$26,992",0.90%,$149.00,-,"$7,525","$2,409"
133,NRG Energy,"6,635",200,"$26,989",196.80%,"$2,187.00",328.80%,"$23,182","$9,289"
134,Nvidia,"22,473",50,"$26,914",61.40%,"$9,752.00",125.10%,"$44,187","$684,879"
135,Occidental Petroleum,"11,678",48,"$26,772",60.50%,"$2,322.00",-,"$75,036","$53,160"
136,Salesforce,"73,541",1,"$26,492",24.70%,"$1,444.00",-64.50%,"$95,209","$210,197"
137,Dollar Tree,"136,226",-26,"$26,321",3.20%,"$1,327.90",-1.00%,"$21,722","$36,051"
138,KKR,"3,238",178,"$26,141",171.50%,"$4,666.50",133.00%,"$264,285","$51,543"
139,Kraft Heinz,"36,000",-29,"$26,042",-0.50%,"$1,012.00",184.30%,"$93,394","$48,249"
140,Amgen,"24,200",-28,"$25,979",2.20%,"$5,893.00",-18.90%,"$61,165","$134,701"
141,AutoNation,"22,200",4,"$25,844",26.70%,"$1,373.00",259.80%,"$8,944","$6,111"
142,Penske Automotive Group,"24,797",1,"$25,555",25.00%,"$1,187.80",118.50%,"$13,465","$7,197"
143,PayPal Holdings,"30,900",-9,"$25,371",18.30%,"$4,169.00",-0.80%,"$75,803","$134,733"
144,Macy's,"88,857",20,"$25,292",39.80%,"$1,430.00",-,"$17,590","$7,123"
145,Duke Energy,"27,605",-19,"$24,677",5.20%,"$3,908.00",183.80%,"$169,587","$85,967"
146,United Airlines Holdings,"84,100",54,"$24,634",60.40%,"-$1,964.00",-,"$68,175","$15,050"
147,Visa,"21,500",-14,"$24,105",10.30%,"$12,311.00",13.30%,"$82,896","$480,023"
148,Rite Aid,"50,000",-16,"$24,043",9.60%,-$90.90,-,"$9,335",$488
149,Cummins,"59,900",1,"$24,021",21.30%,"$2,131.00",19.10%,"$23,710","$29,141"
150,U.S. Bancorp,"68,796",-37,"$23,714",-6.00%,"$7,963.00",60.60%,"$573,284","$78,930"
151,Paccar,"28,500",8,"$23,522",25.60%,"$1,852.10",42.60%,"$29,302","$30,620"
152,McDonald's,"200,000",5,"$23,223",20.90%,"$7,545.20",59.50%,"$53,854","$183,874"
153,Southern,"27,164",-7,"$23,113",13.40%,"$2,393.00",-23.30%,"$127,534","$76,877"
154,C.H. Robinson Worldwide,"16,877",37,"$23,102",42.50%,$844.20,66.70%,"$7,028","$13,856"
155,Truist Financial,"51,462",-36,"$23,064",-5.60%,"$6,440.00",43.70%,"$541,241","$75,354"
156,Applied Materials,"27,000",20,"$23,063",34.10%,"$5,888.00",62.70%,"$25,825","$116,431"
157,Freeport-McMoRan,"24,700",58,"$22,845",60.90%,"$4,306.00",618.90%,"$48,022","$72,361"
158,Lithia Motors,"21,150",73,"$22,832",74.00%,"$1,060.00",125.40%,"$11,147","$8,910"
159,Blackstone,"3,795",295,"$22,577",270.00%,"$5,857.40",460.30%,"$41,196","$88,907"
160,Hartford Financial Services Group,"18,100",-18,"$22,390",9.10%,"$2,365.00",36.20%,"$76,578","$23,816"
161,Aflac,"12,447",-30,"$22,106",-0.20%,"$4,325.00",-9.50%,"$157,542","$41,813"
162,Whirlpool,"69,000",-8,"$21,985",13.00%,"$1,783.00",64.90%,"$20,285","$10,101"
163,Union Pacific,"32,124",-10,"$21,804",11.60%,"$6,523.00",21.90%,"$63,525","$171,682"
164,International Paper,"38,200",-23,"$21,780",5.80%,"$1,752.00",263.50%,"$25,243","$17,301"
165,Altria Group,"6,000",-27,"$21,111",1.30%,"$2,475.00",-44.60%,"$39,523","$94,952"
166,CDW,"13,900",-5,"$20,821",12.70%,$988.60,25.40%,"$13,199","$24,140"
167,ManpowerGroup,"30,000",-2,"$20,724",15.10%,$382.40,1506.70%,"$9,829","$5,026"
168,PG&E,"26,000",-8,"$20,642",11.80%,-$102.00,-,"$103,327","$29,434"
169,Carrier Global,"58,000",2,"$20,613",18.10%,"$1,664.00",-16.00%,"$26,172","$39,127"
170,Baker Hughes,"54,000",-30,"$20,502",-1.00%,-$219.00,-,"$35,308","$37,410"
171,Cleveland-Cliffs,"26,000",330,"$20,444",281.80%,"$2,988.00",-,"$18,975","$16,891"
172,United States Steel,"24,540",138,"$20,275",108.10%,"$4,174.00",-,"$17,816","$9,832"
173,Becton Dickinson,"75,000",4,"$20,248",18.30%,"$2,092.00",139.40%,"$53,866","$75,749"
174,CarMax,"26,889",-38,"$20,092",-6.20%,$746.90,-15.90%,"$21,542","$15,599"
175,Sherwin-Williams,"61,626",-13,"$19,945",8.60%,"$1,864.40",-8.20%,"$20,667","$65,038"
176,Builders FirstSource,"28,000",174,"$19,894",132.40%,"$1,725.40",450.30%,"$10,714","$11,409"
177,Marsh & McLennan,"83,000",-2,"$19,820",15.10%,"$3,143.00",55.90%,"$34,388","$85,681"
178,PNC Financial Services Group,"58,547",-58,"$19,698",-18.10%,"$5,674.00",-24.50%,"$557,191","$77,203"
179,Lumen Technologies,"36,000",-40,"$19,687",-4.90%,"$2,033.00",-,"$57,993","$11,533"
180,Avnet,"14,500",-12,"$19,535",10.80%,$193.10,-,"$8,925","$4,017"
181,Tenet Healthcare,"88,968",-14,"$19,485",10.50%,$914.00,129.10%,"$27,579","$9,388"
182,Kimberly-Clark,"45,000",-24,"$19,440",1.60%,"$1,814.00",-22.90%,"$17,837","$41,496"
183,Kohl's,"67,000",12,"$19,433",21.80%,$938.00,-,"$15,054","$7,775"
184,BlackRock,"18,400",8,"$19,374",19.60%,"$5,901.00",19.60%,"$152,648","$116,186"
185,Jones Lang LaSalle,"98,200",1,"$19,367",16.70%,$961.60,138.90%,"$15,505","$11,946"
186,Lear,"160,100",-7,"$19,263",13.00%,$373.90,135.90%,"$13,352","$8,513"
187,Lincoln National,"10,848",-15,"$19,230",10.30%,"$1,405.00",181.60%,"$387,301","$11,272"
188,Charles Schwab,"33,400",63,"$18,996",56.90%,"$5,855.00",77.50%,"$667,270","$159,676"
189,Ross Stores,"100,000",53,"$18,916",50.90%,"$1,722.60",1917.50%,"$13,640","$31,742"
190,Mastercard,"24,000",11,"$18,884",23.40%,"$8,687.00",35.50%,"$37,669","$349,331"
191,Genuine Parts,"52,000",-18,"$18,871",8.50%,$898.80,-,"$14,352","$17,888"
192,WestRock,"49,900",-22,"$18,746",6.60%,$838.30,-,"$29,254","$12,379"
193,EOG Resources,"2,800",92,"$18,642",69.00%,"$4,664.00",-,"$38,236","$69,796"
194,Cognizant Technology Solutions,"330,600",-9,"$18,507",11.10%,"$2,137.00",53.50%,"$17,852","$47,035"
195,Moderna,"2,700",-,"$18,471",2199.10%,"$12,202.00",-,"$24,669","$69,424"
196,Steel Dynamics,"10,640",123,"$18,409",91.70%,"$3,214.10",483.50%,"$12,531","$15,812"
197,HF Sinclair,"4,208",82,"$18,389",64.40%,$558.30,-,"$12,917","$8,896"
198,Texas Instruments,"31,000",12,"$18,344",26.90%,"$7,769.00",38.90%,"$24,676","$169,330"
199,Emerson Electric,"86,700",-18,"$18,236",8.60%,"$2,303.00",17.20%,"$24,715","$58,242"
200,WESCO International,"18,000",45,"$18,218",47.80%,$465.40,362.80%,"$12,618","$6,599"
201,General Mills,"35,000",-32,"$18,127",2.80%,"$2,339.80",7.30%,"$31,842","$40,782"
202,Tenneco,"71,000",-3,"$18,035",17.30%,$35.00,-,"$11,622","$1,523"
203,Waste Management,"48,500",-1,"$17,931",17.80%,"$1,816.00",21.40%,"$29,097","$65,803"
204,Viatris,"37,000",50,"$17,886",49.70%,"-$1,269.10",-,"$54,843","$13,160"
205,DISH Network,"14,500",-8,"$17,881",15.40%,"$2,410.60",36.80%,"$48,002","$16,743"
206,L3Harris Technologies,"47,000",-43,"$17,814",-2.10%,"$1,846.00",65.00%,"$34,709","$47,970"
207,DXC Technology,"134,000",-55,"$17,729",-9.40%,-$149.00,-,"$22,038","$7,977"
208,Block,"8,521",115,"$17,661",86.00%,$166.30,-22.00%,"$13,926","$78,656"
209,Goodyear Tire & Rubber,"72,000",37,"$17,478",41.90%,$764.00,-,"$21,402","$4,029"
210,Uber Technologies,"29,300",71,"$17,455",56.70%,-$496.00,-,"$38,774","$69,753"
211,Colgate-Palmolive,"33,800",-23,"$17,421",5.80%,"$2,166.00",-19.60%,"$15,040","$63,742"
212,Stanley Black & Decker,"71,300",-3,"$17,253",18.70%,"$1,689.20",36.90%,"$28,180","$22,843"
213,DuPont,"28,000",-69,"$17,160",-15.90%,"$6,467.00",-,"$45,707","$37,740"
214,Stryker,"46,000",-2,"$17,108",19.20%,"$1,994.00",24.70%,"$34,631","$100,978"
215,NextEra Energy,"15,000",-49,"$17,069",-5.20%,"$3,573.00",22.40%,"$140,912","$166,264"
216,Targa Resources,"2,430",148,"$16,950",105.20%,$71.20,-,"$15,208","$17,244"
217,Western Digital,"65,600",-35,"$16,922",1.10%,$821.00,-,"$26,132","$15,536"
218,PPG Industries,"49,300",2,"$16,802",21.50%,"$1,439.00",35.90%,"$21,351","$30,952"
219,American Electric Power,"16,688",-15,"$16,792",12.60%,"$2,488.10",13.10%,"$87,669","$50,339"
220,Gap,"97,000",1,"$16,670",20.80%,$256.00,-,"$12,761","$5,207"
221,BJ's Wholesale Club,"34,000",-23,"$16,667",8.00%,$426.70,1.30%,"$5,669","$9,147"
222,Reinsurance Group of America,"3,500",-15,"$16,658",14.10%,$617.00,48.70%,"$92,175","$7,355"
223,Kinder Morgan,"10,529",39,"$16,610",42.00%,"$1,784.00",1399.20%,"$70,416","$42,878"
224,Oneok,"2,847",127,"$16,540",93.60%,"$1,499.70",144.70%,"$23,622","$31,516"
225,Expeditors Intl. of Washington,"19,070",74,"$16,524",72.40%,"$1,415.50",103.30%,"$7,610","$17,269"
226,Advanced Micro Devices,"15,500",83,"$16,434",68.30%,"$3,162.00",27.00%,"$12,419","$177,936"
227,Fiserv,"44,000",-22,"$16,226",9.30%,"$1,334.00",39.20%,"$76,249","$66,133"
228,Est√©e Lauder,"53,320",-15,"$16,215",13.40%,"$2,870.00",319.60%,"$21,971","$97,672"
229,Bank of New York Mellon,"49,100",-49,"$16,158",-4.60%,"$3,759.00",3.90%,"$444,438","$40,057"
230,Laboratory Corp. of America,"71,725",-12,"$16,121",15.30%,"$2,377.30",52.80%,"$20,385","$24,626"
231,Regeneron Pharmaceuticals,"10,368",123,"$16,072",89.10%,"$8,075.30",129.90%,"$25,435","$75,806"
232,Land O'Lakes,"9,000",-13,"$15,916",14.10%,$287.40,8.50%,"$9,560",-
233,Cheniere Energy,"1,550",95,"$15,864",69.50%,"-$2,343.00",-,"$39,258","$35,272"
234,Southwest Airlines,"55,093",102,"$15,790",74.50%,$977.00,-,"$36,320","$27,129"
235,Adobe,"25,988",-1,"$15,785",22.70%,"$4,822.00",-8.30%,"$27,241","$215,281"
236,Synchrony Financial,"18,000",-49,"$15,752",-4.40%,"$4,221.00",204.80%,"$95,748","$18,146"
237,Corteva,"21,000",-23,"$15,655",10.10%,"$1,759.00",158.30%,"$42,344","$41,775"
238,Fidelity National Financial,"28,290",50,"$15,643",45.10%,"$2,422.00",69.70%,"$60,690","$13,850"
239,DTE Energy,"10,300",11,"$15,369",26.20%,$907.00,-33.70%,"$39,719","$25,615"
240,Murphy USA,"10,430",82,"$15,319",61.20%,$396.90,2.80%,"$4,048","$4,889"
241,Halliburton,"40,000",-30,"$15,295",5.90%,"$1,457.00",-,"$22,321","$34,029"
242,Automatic Data Processing,"56,000",-34,"$15,005",2.80%,"$2,598.50",5.40%,"$48,773","$95,577"
243,Edison International,"13,003",-17,"$14,905",9.80%,$759.00,2.70%,"$74,745","$26,694"
244,BorgWarner,"49,300",51,"$14,838",46.00%,$537.00,7.40%,"$16,575","$9,335"
245,Nordstrom,"72,000",44,"$14,789",38.00%,$178.00,-,"$8,869","$4,321"
246,Loews,"10,340",-7,"$14,657",16.50%,"$1,578.00",-,"$81,626","$15,971"
247,Guardian Life Ins. Co. of America,"9,150",-20,"$14,648",8.00%,$288.80,1128.50%,"$90,420",-
248,Pioneer Natural Resources,"1,932",180,"$14,643",119.00%,"$2,118.00",-,"$36,811","$60,728"
249,AutoZone,"85,050",-11,"$14,630",15.80%,"$2,170.30",25.20%,"$14,516","$40,583"
250,Lam Research,"14,100",54,"$14,626",45.60%,"$3,908.50",73.60%,"$15,892","$74,997"
251,American Family Insurance Group,"13,590",-19,"$14,612",11.80%,$734.50,82.20%,"$36,316",-
252,Illinois Tool Works,"45,000",-12,"$14,455",15.00%,"$2,694.00",27.70%,"$16,077","$65,312"
253,Parker-Hannifin,"54,640",-30,"$14,348",4.80%,"$1,746.10",44.70%,"$20,341","$36,457"
254,Otis Worldwide,"70,000",-18,"$14,298",12.10%,"$1,246.00",37.50%,"$12,279","$32,701"
255,Omnicom Group,"71,700",-26,"$14,289",8.50%,"$1,407.80",48.90%,"$28,422","$17,566"
256,Principal Financial,"18,600",-50,"$14,263",-3.20%,"$1,710.60",22.60%,"$304,657","$19,177"
257,Dominion Energy,"17,100",-64,"$14,218",-11.80%,"$3,288.00",-,"$99,590","$68,883"
258,Kellogg,"31,000",-36,"$14,181",3.00%,"$1,488.00",18.90%,"$18,178","$21,890"
259,Fluor,"40,582",-63,"$14,157",-10.90%,-$440.20,-,"$7,280","$4,052"
260,AECOM,"51,000",-71,"$14,112",-13.90%,$173.20,-,"$11,734","$10,857"
261,Reliance Steel & Aluminum,"13,950",82,"$14,093",59.90%,"$1,413.00",282.80%,"$9,536","$11,314"
262,Jacobs Engineering Group,"53,500",-37,"$14,093",3.80%,$477.00,-3.00%,"$14,633","$17,807"
263,Corning,"61,200",14,"$14,082",24.60%,"$1,906.00",272.30%,"$30,154","$31,213"
264,Farmers Insurance Exchange,"11,787",-8,"$14,055",18.40%,-$366.80,-,"$21,741",-
265,Qurate Retail,"26,745",-49,"$14,044",-0.90%,$340.00,-71.80%,"$16,249","$1,807"
266,Pacific Life,"3,861",37,"$13,936",38.50%,"$1,102.00",-,"$209,486",-
267,PulteGroup,"6,182",17,"$13,927",26.20%,"$1,946.30",38.30%,"$13,353","$10,116"
268,Fidelity National Information Services,"65,000",-27,"$13,877",10.60%,$417.00,163.90%,"$82,931","$61,215"
269,IQVIA Holdings,"79,000",6,"$13,874",22.10%,$966.00,246.20%,"$24,689","$44,141"
270,Marriott International,"120,000",23,"$13,857",31.10%,"$1,099.00",-,"$25,553","$57,515"
271,Berry Global Group,"47,000",-10,"$13,850",18.30%,$733.00,31.10%,"$17,882","$7,832"
272,Ball,"24,300",-12,"$13,811",17.20%,$878.00,50.10%,"$19,714","$28,909"
273,Group 1 Automotive,"13,711",13,"$13,802",27.20%,$552.10,92.70%,"$5,749","$2,860"
274,Leidos Holdings,"43,000",-26,"$13,737",11.70%,$753.00,19.90%,"$13,261","$14,728"
275,Wayfair,"16,681",-58,"$13,708",-3.10%,-$131.00,-170.80%,"$4,570","$11,642"
276,Consolidated Edison,"13,871",-27,"$13,676",11.70%,"$1,346.00",22.30%,"$63,116","$33,525"
277,Ameriprise Financial,"12,000",-24,"$13,443",12.40%,"$2,760.00",79.90%,"$175,979","$33,213"
278,Xcel Energy,"11,321",-6,"$13,431",16.50%,"$1,597.00",8.40%,"$57,851","$39,276"
279,O'Reilly Automotive,"76,158",-11,"$13,328",14.80%,"$2,164.70",23.50%,"$11,719","$45,410"
280,Global Partners,"2,960",81,"$13,248",59.20%,$60.80,-40.50%,"$2,831",$927
281,Discover Financial Services,"16,700",-48,"$13,221",2.10%,"$5,449.00",377.60%,"$110,242","$31,077"
282,Rocket Companies,"26,000",-88,"$13,176",-17.60%,$308.20,55.70%,"$32,775","$21,906"
283,LKQ,"46,000",-17,"$13,089",12.60%,"$1,090.90",70.90%,"$12,606","$12,941"
284,W.W. Grainger,"23,450",-26,"$13,022",10.40%,"$1,043.00",50.10%,"$6,592","$26,358"
285,Quanta Services,"43,700",-7,"$12,980",15.90%,$486.00,9.10%,"$12,855","$18,780"
286,Crown Holdings,"26,000",-17,"$12,979",12.10%,-$560.00,-196.70%,"$13,858","$15,461"
287,Fox,"9,000",-40,"$12,909",4.90%,"$2,150.00",115.20%,"$22,926","$21,423"
288,Sempra,"15,390",-33,"$12,857",7.70%,"$1,317.00",-66.50%,"$72,045","$53,088"
289,Markel,"20,300",22,"$12,846",32.00%,"$2,425.00",197.20%,"$48,449","$20,038"
290,Carvana,"21,000",193,"$12,814",129.40%,-$135.00,-,"$7,015","$19,550"
291,XPO Logistics,"44,700",-101,"$12,806",-21.20%,$336.00,205.50%,"$8,707","$8,357"
292,Baxter International,"60,000",-28,"$12,784",9.50%,"$1,284.00",16.50%,"$33,521","$39,018"
293,Ecolab,"47,000",-56,"$12,733",-0.10%,"$1,129.90",-,"$21,206","$50,548"
294,Tractor Supply,"34,000",-3,"$12,731",19.90%,$997.10,33.10%,"$7,768","$26,172"
295,Andersons,"2,334",71,"$12,729",55.10%,$104.00,1248.70%,"$4,569","$1,708"
296,Keurig Dr Pepper,"27,500",-29,"$12,683",9.20%,"$2,146.00",62.00%,"$50,598","$53,748"
297,Universal Health Services,"78,850",-27,"$12,642",9.40%,$991.60,5.00%,"$13,094","$10,843"
298,CSX,"20,919",-6,"$12,522",18.30%,"$3,781.00",36.70%,"$40,531","$81,588"
299,Henry Schein,"21,600",-1,"$12,401",22.60%,$631.20,56.30%,"$8,481","$11,960"
300,Sonic Automotive,"10,200",8,"$12,396",26.90%,$348.90,-,"$4,975","$1,729"
301,eBay,"10,800",-25,"$12,394",9.20%,"$13,608.00",140.10%,"$26,626","$33,642"
302,Textron,"33,000",-37,"$12,382",6.30%,$746.00,141.40%,"$15,827","$16,091"
303,Jones Financial (Edward Jones),"50,000",-8,"$12,373",21.70%,"$1,605.00",24.90%,"$32,208",-
304,Community Health Systems,"58,500",-45,"$12,368",4.90%,$230.00,-55.00%,"$15,217","$1,599"
305,Mosaic,"12,525",41,"$12,357",42.30%,"$1,630.60",144.80%,"$22,036","$24,493"
306,Thor Industries,"31,000",62,"$12,317",50.80%,$659.90,195.90%,"$6,654","$4,331"
307,Dick's Sporting Goods,"34,300",13,"$12,293",28.30%,"$1,519.90",186.60%,"$9,042","$7,987"
308,Newmont,"14,400",-35,"$12,222",6.30%,"$1,166.00",-58.80%,"$40,564","$62,968"
309,Devon Energy,"1,600",211,"$12,206",139.80%,"$2,813.00",-,"$21,025","$39,274"
310,Warner Bros. Discovery,"11,000",-20,"$12,191",14.20%,"$1,006.00",-17.50%,"$34,427","$12,701"
311,J.B. Hunt Transport Services,"33,045",4,"$12,168",26.30%,$760.80,50.30%,"$6,794","$21,053"
312,Alcoa,"12,200",18,"$12,152",30.90%,$429.00,-,"$15,025","$16,603"
313,Peter Kiewit Sons',"28,800",-70,"$12,149",-2.50%,$753.00,-8.80%,"$6,238",-
314,Aramark,"248,300",-79,"$12,096",-5.70%,-$90.80,-,"$14,376","$9,656"
315,Vistra,"5,060",-41,"$12,077",5.50%,"-$1,274.00",-300.30%,"$29,683","$10,435"
316,State Street,"38,784",-64,"$12,030",-0.40%,"$2,693.00",11.30%,"$314,624","$31,892"
317,Unum Group,"10,200",-87,"$12,014",-8.70%,$824.20,3.90%,"$70,116","$6,383"
318,Alleghany,"13,313",21,"$12,004",34.90%,"$1,034.90",917.10%,"$32,269","$11,396"
319,Boston Scientific,"41,000",-14,"$11,888",19.90%,"$1,041.00",-,"$32,229","$63,310"
320,Westlake,"14,550",68,"$11,778",57.00%,"$2,015.00",510.60%,"$18,459","$15,785"
321,Entergy,"12,369",-21,"$11,743",16.10%,"$1,118.50",-19.40%,"$59,454","$23,760"
322,International Flavors & Fragrances,"24,000",200,"$11,656",129.30%,$270.00,-25.70%,"$39,658","$33,456"
323,DaVita,"69,000",-52,"$11,619",0.60%,$978.50,26.50%,"$17,122","$10,893"
324,Mutual of Omaha Insurance,"5,739",-42,"$11,459",3.30%,$579.00,-17.10%,"$49,853",-
325,Assurant,"15,600",-23,"$11,410",13.00%,"$1,372.40",210.60%,"$33,912","$10,493"
326,Liberty Media,"6,886",-,"$11,400",21.80%,$398.00,-,"$44,351","$15,239"
327,Hormel Foods,"20,000",-10,"$11,386",18.50%,$908.80,0.10%,"$12,696","$28,089"
328,Icahn Enterprises,"19,536",125,"$11,328",85.00%,-$518.00,-,"$27,746","$15,237"
329,Republic Services,"35,000",-32,"$11,295",11.20%,"$1,290.40",33.40%,"$24,955","$41,842"
330,Mohawk Industries,"43,000",-9,"$11,201",17.30%,"$1,033.20",100.40%,"$14,225","$8,082"
331,Conagra Brands,"18,600",-48,"$11,185",1.20%,"$1,298.80",54.60%,"$22,196","$16,104"
332,Norfolk Southern,"18,100",-25,"$11,142",13.80%,"$3,005.00",49.30%,"$38,493","$68,389"
333,AES,"8,450",-20,"$11,141",15.30%,-$409.00,-989.10%,"$32,963","$17,172"
334,AGCO,"23,300",-3,"$11,138",21.70%,$897.00,110.00%,"$9,182","$10,885"
335,Caesars Entertainment,"49,000",340,"$11,110",219.80%,"-$1,019.00",-,"$38,031","$16,565"
336,Equitable Holdings,"10,000",-92,"$11,036",-11.10%,-$439.00,-,"$292,262","$12,041"
337,Advance Auto Parts,"54,500",-36,"$10,998",8.80%,$616.10,25.00%,"$12,194","$12,645"
338,Biogen,"9,610",-110,"$10,982",-18.30%,"$1,556.10",-61.10%,"$23,877","$30,950"
339,Auto-Owners Insurance,"6,441",2,"$10,980",24.00%,"$1,318.40",59.00%,"$32,487",-
340,Booking Holdings,"20,199",84,"$10,958",61.20%,"$1,165.00",1874.60%,"$23,641","$96,023"
341,Amphenol,"90,000",8,"$10,876",26.50%,"$1,590.80",32.20%,"$14,678","$45,130"
342,Quest Diagnostics,"44,500",-18,"$10,788",14.30%,"$1,995.00",39.40%,"$13,611","$16,349"
343,FirstEnergy,"12,395",-49,"$10,758",3.10%,"$1,283.00",18.90%,"$45,432","$26,182"
344,DCP Midstream,"1,788",98,"$10,707",69.90%,$391.00,-,"$13,380","$6,993"
345,Ally Financial,"10,500",-58,"$10,690",-0.80%,"$3,060.00",182.00%,"$182,114","$14,412"
346,Delek US Holdings,"3,312",51,"$10,648",45.80%,-$203.50,-,"$6,728","$1,500"
347,Williams,"4,783",32,"$10,627",37.70%,"$1,517.00",619.00%,"$47,612","$40,670"
348,Newell Brands,"32,000",-23,"$10,589",12.80%,$572.00,-,"$14,179","$8,902"
349,Eastman Chemical,"14,000",6,"$10,476",23.60%,$857.00,79.30%,"$15,519","$14,450"
350,Air Products & Chemicals,"20,750",-10,"$10,323",16.60%,"$2,099.10",11.30%,"$26,859","$55,409"
351,Thrivent Financial for Lutherans,"3,256",18,"$10,313",26.50%,"$2,530.20",297.20%,"$116,525",-
352,Molson Coors Beverage,"16,300",-38,"$10,280",6.50%,"$1,005.70",-,"$27,619","$11,632"
353,Interpublic Group,"55,600",-19,"$10,241",13.00%,$952.80,171.40%,"$19,909","$13,966"
354,Weyerhaeuser,"9,214",33,"$10,201",35.40%,"$2,607.00",227.10%,"$17,652","$28,315"
355,Altice USA,"9,000",-49,"$10,091",2.00%,$990.30,127.00%,"$33,215","$5,674"
356,Raymond James Financial,"15,000",11,"$9,910",21.30%,"$1,403.00",71.50%,"$61,891","$22,818"
357,EMCOR Group,"34,000",-13,"$9,904",12.60%,$383.50,188.50%,"$5,441","$5,932"
358,Eversource Energy,"9,227",-20,"$9,863",10.80%,"$1,220.50",1.30%,"$48,492","$30,403"
359,Yum China Holdings,"298,500",4,"$9,853",19.20%,$990.00,26.30%,"$13,223","$17,679"
360,Asbury Automotive Group,"14,200",45,"$9,838",37.90%,$532.40,109.30%,"$8,003","$3,715"
361,Owens & Minor,"17,300",-16,"$9,785",12.40%,$221.60,641.80%,"$3,537","$3,376"
362,Public Service Enterprise Group,"12,684",-44,"$9,722",1.20%,-$648.00,-134.00%,"$48,999","$35,146"
363,United Rentals,"20,400",-11,"$9,716",13.90%,"$1,386.00",55.70%,"$20,292","$25,643"
364,MGM Resorts International,"60,500",153,"$9,680",87.50%,"$1,254.40",-,"$40,899","$18,258"
365,Ryder System,"42,800",-8,"$9,663",14.80%,$519.00,-,"$13,834","$4,055"
366,Intuit,"17,350",14,"$9,633",25.40%,"$2,062.00",12.90%,"$15,516","$135,988"
367,Cincinnati Financial,"5,166",19,"$9,630",27.80%,"$2,945.60",142.20%,"$31,387","$21,813"
368,Erie Insurance Group,"5,805",-21,"$9,620",11.00%,"$1,130.10",-3.70%,"$27,297",-
369,Univar Solutions,"9,450",-7,"$9,536",15.40%,$460.60,770.70%,"$6,778","$5,460"
370,Huntington Ingalls Industries,"44,000",-43,"$9,524",1.70%,$544.00,-21.80%,"$10,627","$7,991"
371,W.R. Berkley,"7,681",1,"$9,456",16.70%,"$1,022.50",92.70%,"$32,086","$17,659"
372,Western & Southern Financial Group,"2,538",2,"$9,442",17.20%,$361.20,76.70%,"$62,877",-
373,Insight Enterprises,"11,624",-13,"$9,436",13.10%,$219.30,27.10%,"$4,689","$3,745"
374,News Corp.,"24,000",-37,"$9,358",3.90%,$330.00,-,"$16,771","$13,128"
375,American Tower,"6,378",-,"$9,357",16.40%,"$2,567.70",51.90%,"$69,888","$114,527"
376,Old Republic International,"9,600",25,"$9,342",30.40%,"$1,534.30",174.70%,"$24,982","$7,973"
377,Burlington Stores,"38,599",94,"$9,322",61.70%,$408.80,-,"$7,090","$12,113"
378,Avis Budget Group,"18,500",120,"$9,313",72.40%,"$1,285.00",-,"$22,600","$14,157"
379,ODP,"26,000",-67,"$9,267",-4.60%,-$208.00,-,"$4,865","$2,222"
380,VF,"33,600",-117,"$9,239",-21.00%,$407.90,-40.00%,"$13,754","$22,113"
381,Bed Bath & Beyond,"37,600",-101,"$9,233",-17.30%,-$150.80,-,"$6,457","$2,171"
382,Seaboard,"13,200",24,"$9,229",29.50%,$570.00,101.40%,"$7,503","$4,882"
383,First American Financial,"22,233",26,"$9,221",30.10%,"$1,241.00",78.20%,"$16,451","$7,087"
384,Intercontinental Exchange,"8,858",-19,"$9,168",11.20%,"$4,058.00",94.30%,"$193,502","$74,045"
385,PVH,"25,000",19,"$9,155",28.40%,$952.30,-,"$12,397","$5,210"
386,Apollo Global Management,"2,153",552,"$9,124",332.20%,"$1,838.50",1073.90%,"$30,502","$37,194"
387,Jefferies Financial Group,"5,556",32,"$9,040",30.00%,"$1,674.40",116.00%,"$60,404","$7,934"
388,Hershey,"17,805",-18,"$8,971",10.10%,"$1,477.50",15.50%,"$10,412","$44,462"
389,NVR,"6,600",-6,"$8,970",18.60%,"$1,236.70",37.20%,"$5,835","$15,011"
390,Foot Locker,"33,244",-5,"$8,958",18.70%,$893.00,176.50%,"$8,135","$2,850"
391,Dana,"40,200",17,"$8,945",25.90%,$197.00,-,"$7,632","$2,544"
392,SpartanNash,"13,300",-63,"$8,931",-4.50%,$73.80,-2.80%,"$2,207","$1,185"
393,Olin,"7,750",79,"$8,911",54.80%,"$1,296.70",-,"$8,518","$8,062"
394,Chewy,"21,300",9,"$8,891",24.40%,-$73.80,-,"$2,086","$17,147"
395,Jackson Financial,"3,150",-,"$8,848",-,"$3,183.00",-,"$375,484","$3,895"
396,Activision Blizzard,"9,800",-23,"$8,803",8.90%,"$2,699.00",22.80%,"$25,056","$62,560"
397,Toll Brothers,"5,100",14,"$8,790",24.20%,$833.60,86.70%,"$11,538","$5,515"
398,Carlyle Group,"1,850",360,"$8,782",199.30%,"$2,974.70",754.30%,"$21,250","$17,428"
399,Graybar Electric,"8,800",-,"$8,767",20.70%,$262.40,115.40%,"$3,069",-
400,Ovintiv,"1,713",58,"$8,658",42.20%,"$1,416.00",-,"$14,055","$13,988"
401,UFP Industries,"15,000",117,"$8,636",67.60%,$535.60,117.10%,"$3,245","$4,791"
402,Ulta Beauty,"28,500",49,"$8,631",40.30%,$985.80,460.70%,"$4,764","$20,838"
403,Constellation Brands,"9,300",-44,"$8,615",3.30%,"$1,998.00",-,"$27,105","$43,764"
404,Expedia Group,"14,800",111,"$8,598",65.40%,$12.00,-,"$21,548","$30,477"
405,CommScope Holding,"30,000",-49,"$8,587",1.80%,-$462.60,-,"$13,260","$1,630"
406,Celanese,"8,529",71,"$8,537",51.00%,"$1,890.00",-4.80%,"$11,975","$15,434"
407,Global Payments,"25,000",-13,"$8,524",14.80%,$965.50,65.20%,"$45,280","$38,546"
408,Owens Corning,"20,000",5,"$8,498",20.50%,$995.00,-,"$10,015","$9,065"
409,Campbell Soup,"14,100",-74,"$8,476",-6.30%,"$1,002.00",-38.50%,"$11,734","$13,447"
410,Huntsman,"9,000",50,"$8,453",40.30%,"$1,045.00",1.10%,"$9,392","$8,047"
411,Franklin Resources,"10,300",73,"$8,426",51.40%,"$1,831.20",129.20%,"$24,168","$14,019"
412,Avery Dennison,"36,000",5,"$8,408",20.60%,$740.10,33.10%,"$7,972","$14,327"
413,Masco,"20,000",-15,"$8,375",14.90%,$410.00,-66.50%,"$5,575","$12,063"
414,CenterPoint Energy,"9,418",-72,"$8,352",-5.50%,"$1,486.00",-,"$37,679","$19,286"
415,Fifth Third Bancorp,"19,112",-57,"$8,329",-0.90%,"$2,770.00",94.10%,"$211,116","$29,511"
416,WEC Energy Group,"6,938",-16,"$8,316",14.80%,"$1,300.30",8.40%,"$38,989","$31,484"
417,S&P Global,"22,850",-24,"$8,297",11.50%,"$3,024.00",29.30%,"$15,026","$142,344"
418,FM Global,"5,560",5,"$8,275",21.70%,"$2,842.40",64.10%,"$32,161",-
419,Polaris,"16,000",-12,"$8,252",16.10%,$493.90,295.80%,"$5,048","$6,264"
420,Williams-Sonoma,"16,600",5,"$8,246",21.60%,"$1,126.30",65.50%,"$4,626","$10,376"
421,Autoliv,"58,176",-29,"$8,230",10.50%,$435.00,132.70%,"$7,537","$6,691"
422,Arthur J. Gallagher,"39,000",-6,"$8,209",17.20%,$906.80,10.70%,"$33,345","$36,599"
423,Motorola Solutions,"18,700",-28,"$8,171",10.20%,"$1,245.00",31.20%,"$12,189","$40,556"
424,Zillow Group,"8,005",268,"$8,147",143.90%,-$527.80,-,"$10,696","$12,287"
425,Opendoor Technologies,"2,816",394,"$8,021",210.50%,-$662.00,-,"$9,506","$5,364"
426,J.M. Smucker,"7,100",-48,"$8,003",2.60%,$876.30,12.40%,"$16,284","$14,686"
427,Anywhere Real Estate,"9,748",18,"$7,983",28.30%,$343.00,-,"$7,210","$1,852"
428,Oshkosh,"15,000",-6,"$7,953",16.00%,$409.40,26.20%,"$6,722","$6,704"
429,MasTec,"27,000",12,"$7,952",25.80%,$328.80,1.90%,"$7,121","$6,657"
430,GXO Logistics,"97,500",-,"$7,940",-,$153.00,-,"$7,271","$8,193"
431,APA,"2,253",164,"$7,928",84.00%,$973.00,-,"$13,303","$14,332"
432,Boise Cascade,"6,130",61,"$7,926",44.80%,$712.50,307.20%,"$2,573","$2,740"
433,Dover,"25,000",-4,"$7,907",18.30%,"$1,123.80",64.40%,"$10,404","$22,610"
434,Genworth Financial,"2,500",-86,"$7,882",-9.00%,$904.00,407.90%,"$99,171","$1,918"
435,Bath & Body Works,"32,850",-178,"$7,882",-33.50%,"$1,333.50",57.90%,"$6,026","$11,420"
436,Booz Allen Hamilton Holding,"27,700",-45,"$7,859",5.30%,$609.00,26.20%,"$5,500","$11,705"
437,Coinbase Global,"3,730",-,"$7,839",513.70%,"$3,624.10",1024.40%,"$21,274","$41,670"
438,Zimmer Biomet Holdings,"19,500",-24,"$7,836",11.60%,$401.60,-,"$23,456","$26,772"
439,Westinghouse Air Brake Technologies,"25,000",-55,"$7,822",3.50%,$558.00,34.70%,"$18,454","$17,819"
440,Zoetis,"12,100",-9,"$7,776",16.50%,"$2,037.00",24.40%,"$13,900","$89,009"
441,Packaging Corp. of America,"15,200",-8,"$7,730",16.10%,$841.10,82.50%,"$7,837","$14,628"
442,LPL Financial Holdings,"5,919",24,"$7,721",31.50%,$459.90,-2.70%,"$7,992","$14,609"
443,T. Rowe Price,"7,529",4,"$7,672",23.60%,"$3,082.90",29.90%,"$12,509","$34,443"
444,Fortune Brands Home & Security,"28,056",12,"$7,656",25.70%,$772.40,39.60%,"$7,936","$9,831"
445,Casey's General Stores,"27,583",-74,"$7,654",-5.60%,$312.90,18.60%,"$4,460","$7,354"
446,A-Mark Precious Metals,347,49,"$7,613",39.40%,$159.60,423.20%,"$1,192",$891
447,Hess,"1,545",96,"$7,583",57.80%,$559.00,-,"$20,515","$33,155"
448,Vertex Pharmaceuticals,"3,900",-,"$7,574",22.10%,"$2,342.10",-13.60%,"$13,433","$66,437"
449,KeyCorp,"16,974",-53,"$7,561",3.10%,"$2,625.00",95.50%,"$186,346","$20,593"
450,Chipotle Mexican Grill,"97,660",14,"$7,547",26.10%,$653.00,83.50%,"$6,653","$44,347"
451,CMS Energy,"8,813",-21,"$7,538",12.80%,"$1,353.00",79.20%,"$28,753","$20,292"
452,Arconic,"13,900",24,"$7,504",32.20%,-$397.00,-,"$6,580","$2,691"
453,Taylor Morrison Home,"3,000",-1,"$7,501",22.40%,$663.00,172.40%,"$8,728","$3,302"
454,American Financial Group,"6,600",-78,"$7,462",-5.70%,"$1,995.00",172.50%,"$28,931","$12,368"
455,UGI,"11,300",-19,"$7,447",13.50%,"$1,467.00",175.80%,"$16,723","$7,599"
456,Science Applications International,"25,090",-44,"$7,394",4.80%,$277.00,32.50%,"$5,746","$5,166"
457,Avantor,"13,500",-19,"$7,386",15.50%,$572.60,391.10%,"$13,897","$20,629"
458,Hanesbrands,"58,000",-26,"$7,348",10.30%,$77.20,-,"$7,071","$5,191"
459,Clorox,"9,000",-32,"$7,341",9.20%,$710.00,-24.40%,"$6,334","$17,109"
460,KBR,"28,000",10,"$7,339",27.30%,$18.00,-,"$6,199","$7,635"
461,TravelCenters of America,"16,540",79,"$7,337",51.40%,$58.50,-,"$3,509",$638
462,Hertz Global Holdings,"23,000",46,"$7,336",39.50%,$366.00,-,"$19,783","$9,509"
463,Analog Devices,"24,700",18,"$7,318",30.60%,"$1,390.40",13.90%,"$52,322","$86,441"
464,Securian Financial Group,"6,941",-43,"$7,317",6.50%,$311.50,28.10%,"$75,169",-
465,Darden Restaurants,"156,883",-88,"$7,196",-7.80%,$629.30,-,"$10,656","$16,981"
466,Graphic Packaging Holding,"25,000",-31,"$7,156",9.10%,$204.00,21.90%,"$10,457","$6,154"
466,NCR,"38,000",-20,"$7,156",15.30%,$97.00,-,"$11,641","$5,475"
468,Brighthouse Financial,"1,500",-115,"$7,142",-16.00%,-$108.00,-,"$259,840","$3,959"
469,PPL,"5,607",-87,"$7,127",-6.30%,"-$1,480.00",-200.70%,"$33,223","$21,002"
470,Cintas,"40,000",-60,"$7,116",0.40%,"$1,111.00",26.80%,"$8,237","$43,567"
471,Xerox Holdings,"23,300",-56,"$7,038",0.20%,-$455.00,-337.00%,"$13,223","$3,123"
472,Rockwell Automation,"24,500",-32,"$6,997",10.50%,"$1,358.10",32.70%,"$10,702","$32,538"
473,Citizens Financial Group,"17,463",-92,"$6,986",-9.00%,"$2,319.00",119.40%,"$188,409","$19,136"
474,KLA,"11,425",-6,"$6,919",19.20%,"$2,078.30",70.80%,"$10,271","$55,171"
475,Camping World Holdings,"12,834",21,"$6,914",26.90%,$278.50,127.60%,"$4,373","$2,665"
476,Ingredion,"12,000",-13,"$6,894",15.10%,$117.00,-66.40%,"$6,999","$5,814"
477,Veritiv,"6,100",-38,"$6,851",8.00%,$144.60,322.80%,"$2,438","$2,008"
478,Beacon Roofing Supply,"6,676",-58,"$6,820",-1.80%,$243.00,-,"$5,549","$4,176"
479,Diamondback Energy,870,302,"$6,797",141.60%,"$2,182.00",-,"$22,898","$24,320"
480,Victoria's Secret,"24,000",-,"$6,785",-,$646.40,-,"$4,344","$4,330"
481,Academy Sports and Outdoors,"16,508",-6,"$6,773",19.10%,$671.40,117.40%,"$4,585","$3,434"
482,Sanmina,"33,500",-64,"$6,757",-2.90%,$269.00,92.50%,"$4,207","$2,569"
483,ON Semiconductor,"31,650",26,"$6,740",28.30%,"$1,009.60",331.10%,"$9,626","$27,079"
484,Commercial Metals,"11,089",8,"$6,730",22.90%,$412.90,47.70%,"$4,639","$5,057"
485,EnLink Midstream,"1,073",145,"$6,686",71.70%,$22.40,-,"$8,483","$4,671"
486,Southwestern Energy,938,407,"$6,667",188.90%,-$25.00,-,"$11,848","$7,990"
487,Equinix,"10,944",-26,"$6,636",10.60%,$500.20,35.30%,"$27,919","$67,281"
488,Dillard's,"25,350",97,"$6,624",49.40%,$862.50,-,"$3,246","$4,928"
489,Regions Financial,"19,626",-55,"$6,605",-0.80%,"$2,521.00",130.40%,"$162,938","$20,861"
490,Yum Brands,"25,650",-12,"$6,584",16.50%,"$1,575.00",74.20%,"$5,966","$34,253"
491,Landstar System,"1,399",115,"$6,540",58.10%,$381.50,98.60%,"$2,046","$5,600"
492,CF Industries Holdings,"3,003",117,"$6,538",58.50%,$917.10,189.30%,"$12,375","$21,551"
493,Northern Trust,"21,100",-50,"$6,488",3.00%,"$1,545.30",27.80%,"$183,890","$24,215"
494,Robert Half International,"14,600",25,"$6,461",26.50%,$598.60,95.50%,"$2,952","$12,638"
495,Compass,"4,775",151,"$6,421",72.60%,-$494.10,-,"$1,801","$3,359"
496,Hasbro,"6,640",-2,"$6,420",17.50%,$428.70,92.70%,"$10,038","$11,384"
497,Roper Technologies,"19,300",-9,"$6,416",16.10%,"$1,152.60",21.40%,"$23,714","$49,869"
498,ARKO,"11,236",183,"$6,413",88.10%,$59.20,348.90%,"$2,942","$1,134"
499,Frontier Communications,"15,640",-97,"$6,411",-10.40%,-,-,"$16,481","$6,763"
500,Ameren,"9,116",-31,"$6,394",10.40%,$990.00,13.70%,"$35,735","$24,199"
501,O-I Glass,"24,000",-46,"$6,357",4.40%,$149.00,-40.20%,"$8,832","$2,058"
502,Chemours,"6,400",25,"$6,345",27.70%,$608.00,177.60%,"$7,550","$5,015"
503,Crown Castle International,"5,000",-36,"$6,340",8.60%,"$1,096.00",3.80%,"$39,040","$79,937"
504,Agilent Technologies,"17,000",-2,"$6,319",18.40%,"$1,210.00",68.30%,"$10,705","$39,714"
505,McCormick,"14,000",-23,"$6,318",12.80%,$755.30,1.10%,"$12,906","$26,754"
506,Skechers U.S.A.,"8,950",52,"$6,310",36.80%,$741.50,652.30%,"$6,491","$6,360"
507,Watsco,"6,875",17,"$6,280",24.20%,$418.90,55.40%,"$3,086","$11,843"
508,Live Nation Entertainment,"16,200",486,"$6,268",236.80%,-$650.90,-,"$14,402","$26,425"
509,Lululemon athletica,"29,000",78,"$6,257",42.10%,$975.30,65.60%,"$4,943","$46,718"
510,ABM Industries,"124,000",-48,"$6,229",4.00%,$126.30,42000.00%,"$4,436","$3,079"
511,Post Holdings,"10,735",-37,"$6,227",9.30%,$166.70,20737.50%,"$12,415","$4,284"
512,Moody's,"13,460",-12,"$6,218",15.80%,"$2,214.00",24.50%,"$14,680","$62,548"
513,Select Medical Holdings,"43,200",-26,"$6,205",12.20%,$402.20,55.30%,"$7,360","$3,209"
514,Alaska Air Group,"21,691",147,"$6,176",73.20%,$478.00,-,"$13,951","$7,314"
515,Big Lots,"23,350",-66,"$6,151",-0.80%,$177.80,-71.70%,"$3,927",$988
516,Amkor Technology,"30,400",9,"$6,138",21.50%,$643.00,90.20%,"$6,039","$5,313"
517,Sinclair Broadcast Group,"11,500",-52,"$6,134",3.20%,-$414.00,-,"$12,541","$2,008"
518,RPM International,"15,490",-29,"$6,106",10.90%,$502.60,65.10%,"$6,253","$10,561"
519,M&T Bank,"17,342",-75,"$6,106",-2.80%,"$1,858.70",37.40%,"$155,107","$21,875"
520,Sprouts Farmers Market,"31,000",-83,"$6,100",-5.70%,$244.20,-15.10%,"$2,923","$3,547"
521,Huntington Bancshares,"18,442",-11,"$6,080",16.10%,"$1,295.00",58.50%,"$174,064","$21,123"
522,CACI International,"22,000",-49,"$6,044",5.70%,$457.40,42.30%,"$6,172","$7,051"
523,JetBlue Airways,"17,459",229,"$6,037",104.20%,-$182.00,-,"$13,642","$4,787"
524,SVB Financial Group,"6,567",89,"$6,027",47.70%,"$1,833.00",51.70%,"$211,478","$32,901"
525,Fastenal,"18,370",-46,"$6,011",6.40%,$925.00,7.70%,"$4,299","$34,188"
526,GameStop,"22,500",-5,"$6,011",18.10%,-$381.30,-,"$3,499","$12,717"
527,Knight-Swift Transportation Holdings,"27,650",24,"$5,998",28.30%,$743.40,81.30%,"$10,656","$8,386"
528,Airbnb,"6,132",160,"$5,992",77.40%,-$352.00,-,"$13,709","$110,420"
529,Patterson,"7,800",-38,"$5,912",7.70%,$156.00,-,"$2,752","$3,160"
530,Penn National Gaming,"21,973",129,"$5,905",65.00%,$420.80,-,"$16,872","$7,140"
531,ServiceNow,"16,881",39,"$5,896",30.50%,$230.00,94.10%,"$10,798","$111,378"
532,Nasdaq,"5,814",-52,"$5,886",4.60%,"$1,187.00",27.20%,"$20,115","$29,298"
533,Brunswick,"18,582",59,"$5,846",34.50%,$593.30,59.20%,"$5,425","$6,197"
534,Resideo Technologies,"13,300",-11,"$5,846",15.30%,$242.00,554.10%,"$5,853","$3,456"
535,Chesapeake Energy,"1,300",-22,"$5,809",11.50%,-,-,"$11,009","$11,136"
536,Petco Health and Wellness,"28,495",-5,"$5,807",18.00%,$164.40,-,"$6,498","$5,930"
537,Kemper,"10,300",-23,"$5,793",11.30%,-$120.50,-129.40%,"$14,917","$3,606"
538,Hilton Worldwide Holdings,"142,000",58,"$5,788",34.40%,$410.00,-,"$15,441","$42,357"
539,Cerner,"25,150",-49,"$5,765",4.70%,$555.60,-28.80%,"$7,434","$27,492"
540,Levi Strauss,"16,600",40,"$5,764",29.50%,$553.50,-,"$5,900","$7,875"
541,Tapestry,"14,250",-13,"$5,746",15.80%,$834.20,-,"$8,382","$9,807"
542,NetApp,"11,000",-45,"$5,744",6.10%,$730.00,-10.90%,"$9,360","$18,471"
543,KB Home,"2,244",60,"$5,725",36.90%,$564.70,90.60%,"$5,836","$2,858"
544,Continental Resources,"1,254",274,"$5,719",121.10%,"$1,661.00",-,"$18,591","$22,342"
545,Intuitive Surgical,"9,793",46,"$5,710",31.00%,"$1,704.60",60.70%,"$13,555","$108,362"
546,Under Armour,"12,300",32,"$5,684",27.00%,$360.10,-,"$4,991","$7,712"
547,MDU Resources Group,"12,826",-61,"$5,681",2.70%,$378.10,-3.10%,"$8,910","$5,419"
548,Silgan Holdings,"15,720",-18,"$5,677",15.30%,$359.10,16.30%,"$7,771","$5,104"
549,Ryerson Holding,"4,000",127,"$5,675",63.70%,$294.30,-,"$2,366","$1,345"
550,Ingersoll Rand,"16,000",-17,"$5,655",15.20%,$562.50,-,"$15,155","$20,541"
551,Hologic,"6,705",90,"$5,632",49.10%,"$1,871.50",67.80%,"$8,920","$19,305"
552,Electronic Arts,"11,000",-67,"$5,629",1.70%,$837.00,-72.50%,"$13,288","$35,577"
553,Zebra Technologies,"9,800",28,"$5,627",26.50%,$837.00,66.10%,"$6,215","$21,959"
554,Coty,"11,430",-128,"$5,616",-16.60%,-$201.30,-,"$13,691","$7,541"
555,Schneider National,"17,050",10,"$5,609",23.20%,$405.40,91.50%,"$3,937","$4,552"
556,Sonoco Products,"20,500",-45,"$5,590",6.70%,-$85.50,-141.20%,"$5,073","$6,099"
557,Concentrix,"290,000",-,"$5,587",-,$405.60,-,"$5,046","$8,605"
558,Evergy,"4,930",-26,"$5,587",13.70%,$879.70,42.30%,"$28,521","$15,513"
559,Cornerstone Building Brands,"21,700",-2,"$5,583",20.90%,$665.90,-,"$5,828","$3,089"
560,Coca-Cola Consolidated,"15,050",-34,"$5,563",11.10%,$189.60,9.90%,"$3,446","$4,657"
561,Greif,"16,000",11,"$5,556",23.10%,$390.70,259.10%,"$5,816","$3,134"
562,Vulcan Materials,"11,912",-23,"$5,552",14.30%,$670.80,14.80%,"$13,683","$24,413"
563,Ametek,"18,500",3,"$5,547",22.20%,$990.10,13.50%,"$11,898","$30,787"
564,Monster Beverage,"3,775",-2,"$5,541",20.50%,"$1,377.50",-2.30%,"$7,805","$42,296"
565,Sealed Air,"16,500",-31,"$5,534",12.90%,$506.80,0.80%,"$6,229","$9,921"
566,NOV,"27,043",-109,"$5,524",-9.30%,-$250.00,-,"$9,550","$7,700"
567,Las Vegas Sands,"44,600",87,"$5,505",52.40%,-$961.00,-,"$20,059","$29,696"
568,Martin Marietta Materials,"10,000",-22,"$5,493",16.10%,$702.50,-2.60%,"$14,393","$24,015"
569,Marathon Oil,"1,531",164,"$5,467",77.20%,$946.00,-,"$16,994","$18,350"
570,Mattel,"36,300",-7,"$5,458",19.10%,$903.00,613.10%,"$6,394","$7,823"
571,Microchip Technology,"19,500",-66,"$5,438",3.10%,$349.40,-38.80%,"$16,479","$41,777"
572,Harley-Davidson,"5,800",42,"$5,336",31.60%,$650.00,49978.90%,"$11,051","$6,063"
573,Telephone & Data Systems,"8,800",-61,"$5,329",2.00%,$156.00,-31.00%,"$13,493","$2,163"
574,ADT,"25,000",-70,"$5,307",-0.10%,-$340.80,-,"$16,894","$6,843"
575,First Republic Bank,"6,295",-1,"$5,305",17.70%,"$1,478.00",38.90%,"$181,087","$29,114"
576,Warner Music Group,"5,900",3,"$5,301",18.80%,$304.00,-,"$7,211","$19,486"
577,Pool,"5,650",47,"$5,296",34.50%,$650.60,77.40%,"$3,230","$16,967"
578,Old Dominion Freight Line,"23,663",41,"$5,256",30.90%,"$1,034.40",53.80%,"$4,822","$34,308"
579,Fortive,"18,000",-23,"$5,255",13.40%,$608.40,-62.30%,"$16,466","$21,878"
580,MDC Holdings,"2,080",49,"$5,255",34.70%,$573.70,56.10%,"$4,964","$2,693"
581,NGL Energy Partners,997,-430,"$5,243",-73.50%,-$639.80,-,"$5,947",$289
582,Edwards Lifesciences,"15,700",7,"$5,233",19.30%,"$1,503.10",82.50%,"$8,503","$73,141"
583,Hanover Insurance Group,"4,400",-41,"$5,228",8.30%,$418.70,16.70%,"$14,254","$5,318"
584,Syneos Health,"27,443",2,"$5,213",18.10%,$234.80,21.80%,"$8,237","$8,437"
585,Xylem,"16,700",-47,"$5,195",6.50%,$427.00,68.10%,"$8,276","$15,355"
586,Church & Dwight,"5,100",-51,"$5,190",6.00%,$827.50,5.30%,"$7,997","$24,119"
587,American Axle & Manufacturing,"18,000",-40,"$5,157",9.50%,$5.90,-,"$5,636",$888
588,Meritage Homes,"1,773",-11,"$5,141",14.20%,$737.40,74.10%,"$4,808","$2,907"
589,Workday,"15,200",5,"$5,139",19.00%,$29.40,-,"$10,499","$60,583"
590,Rush Enterprises,"7,141",-45,"$5,126",8.20%,$241.40,110.10%,"$3,120","$2,789"
591,Yellow,"32,000",-18,"$5,122",13.50%,-$109.10,-,"$2,426",$360
592,Encompass Health,"35,681",-38,"$5,122",10.30%,$412.20,45.00%,"$6,865","$7,071"
593,Simon Property Group,"2,850",-33,"$5,117",11.10%,"$2,249.60",102.20%,"$33,777","$43,198"
594,Globe Life,"3,222",-50,"$5,113",7.90%,$745.00,1.80%,"$29,768","$9,977"
595,Skyworks Solutions,"10,945",95,"$5,109",52.30%,"$1,498.30",83.90%,"$8,591","$21,548"
596,Endeavor Group Holdings,"7,700",78,"$5,078",46.00%,-$296.60,-,"$11,435","$20,363"
597,Twitter,"7,500",50,"$5,078",36.60%,-$221.40,-,"$14,060","$30,977"
598,Leggett & Platt,"20,300",-,"$5,073",18.50%,$402.40,62.50%,"$5,307","$4,659"
599,Western Union,"10,500",-58,"$5,071",4.90%,$805.80,8.30%,"$8,824","$7,375"
600,PerkinElmer,"16,700",39,"$5,067",34.00%,$943.20,29.60%,"$15,001","$22,009"
601,SS&C Technologies Holdings,"24,900",-49,"$5,051",8.20%,$800.00,28.00%,"$17,333","$19,235"
602,CUNA Mutual Group,"4,100",13,"$5,050",24.70%,$622.30,327.70%,"$44,345",-
603,FMC,"6,400",-48,"$5,045",8.70%,$736.50,33.50%,"$10,581","$16,564"
604,Carlisle,"11,250",-5,"$5,030",18.50%,$421.70,31.70%,"$7,247","$12,805"
605,American Eagle Outfitters,"24,000",37,"$5,011",33.30%,$419.60,-,"$3,787","$2,837"
606,Core & Main,"4,100",-,"$5,004",37.40%,$166.00,348.60%,"$4,434","$5,949"
607,Vertiv Holdings,"24,000",-17,"$4,998",14.40%,$119.60,-,"$6,940","$5,264"
608,Broadridge Financial Solutions,"13,704",-40,"$4,994",10.30%,$547.50,18.40%,"$8,120","$18,183"
609,Ingles Markets,"18,460",-50,"$4,988",8.20%,$249.70,39.80%,"$2,018","$1,691"
610,TPG,"1,013",-,"$4,976",135.30%,"$2,180.90",198.10%,"$8,962","$9,305"
611,Insperity,"3,600",-14,"$4,973",16.00%,$124.10,-10.20%,"$1,753","$3,850"
612,Howmet Aerospace,"19,900",-105,"$4,972",-5.50%,$258.00,-1.10%,"$10,219","$15,055"
613,R.R. Donnelley & Sons,"32,000",-114,"$4,964",-8.10%,$3.70,-96.20%,"$3,131",-
614,Keysight Technologies,"14,300",-13,"$4,941",17.10%,$894.00,42.60%,"$7,781","$28,747"
615,Tempur Sealy International,"12,000",37,"$4,931",34.10%,$624.50,79.00%,"$4,323","$4,998"
616,Scotts Miracle-Gro,"8,050",-9,"$4,925",19.20%,$512.50,32.30%,"$4,800","$6,835"
617,Equifax,"12,700",-9,"$4,924",19.30%,$744.20,43.10%,"$11,041","$29,142"
618,Kelly Services,"7,400",-47,"$4,910",8.70%,$156.10,-,"$2,894",$856
619,NiSource,"7,307",-70,"$4,900",4.70%,$584.90,-,"$24,157","$12,891"
620,OneMain Holdings,"8,800",-84,"$4,895",-,"$1,314.00",80.00%,"$22,079","$6,043"
621,DoorDash,"8,600",148,"$4,888",69.40%,-$468.00,-,"$6,809","$40,830"
622,Avient,"8,700",80,"$4,819",48.60%,$230.80,75.40%,"$4,997","$4,388"
623,Sanderson Farms,"17,662",39,"$4,800",34.70%,$455.10,1509.60%,"$2,345","$4,185"
624,TransDigm Group,"13,300",-108,"$4,798",-7.40%,$680.00,-2.70%,"$19,315","$36,136"
625,Stifel Financial,"8,600",8,"$4,783",25.30%,$824.90,63.80%,"$34,050","$7,226"
626,JELD-WEN Holding,"24,700",-26,"$4,772",12.70%,$168.80,84.30%,"$3,739","$1,826"
627,Ares Management,"2,100",-,"$4,771",122.80%,$408.80,168.70%,"$21,605","$23,821"
628,Elanco Animal Health,"9,800",71,"$4,765",45.60%,-$472.00,-,"$16,483","$12,345"
629,Prologis,"2,053",-45,"$4,759",7.20%,"$2,939.70",98.40%,"$58,486","$119,525"
630,Welltower,464,-69,"$4,742",3.00%,$336.10,-65.70%,"$34,910","$43,002"
631,Darling Ingredients,"9,900",29,"$4,741",32.70%,$650.90,119.30%,"$6,134","$12,987"
632,Juniper Networks,"10,191",-50,"$4,735",6.50%,$252.70,-2.00%,"$8,887","$11,987"
633,Gartner,"16,600",-21,"$4,734",15.50%,$793.60,197.50%,"$7,416","$24,477"
634,Par Pacific Holdings,"1,336",91,"$4,710",50.70%,-$81.30,-,"$2,570",$783
635,Hubbell,"18,300",-33,"$4,704",12.40%,$399.50,13.80%,"$5,282","$9,960"
636,CME Group,"3,480",-99,"$4,690",-4.00%,"$2,636.40",25.20%,"$196,780","$85,492"
637,Nexstar Media Group,"11,817",-61,"$4,648",3.30%,$834.60,2.90%,"$13,265","$7,728"
638,Tutor Perini,"7,800",-135,"$4,642",-12.70%,$91.90,-15.20%,"$4,725",$552
639,Antero Resources,519,33,"$4,619",32.30%,-$186.90,-,"$13,897","$9,608"
640,Teledyne Technologies,"14,500",92,"$4,614",49.50%,$445.30,10.80%,"$14,430","$22,103"
641,Snap-on,"12,800",-18,"$4,602",16.70%,$820.50,30.90%,"$6,760","$10,976"
642,Rent-A-Center,"14,290",138,"$4,584",62.90%,$134.90,-35.20%,"$2,993","$1,487"
643,Covetrus,"4,873",-50,"$4,575",5.40%,-$54.00,-,"$3,410","$2,319"
644,Crestwood Equity Partners,645,260,"$4,569",102.70%,-$78.50,-,"$4,446","$2,932"
645,Louisiana-Pacific,"4,800",142,"$4,553",63.30%,"$1,377.00",176.00%,"$2,194","$5,344"
646,Urban Outfitters,"16,330",32,"$4,549",31.90%,$310.60,25030.70%,"$3,791","$2,421"
647,Penn Mutual Life Insurance,"3,194",2,"$4,546",22.80%,$522.90,82.20%,"$44,191",-
648,Amerco,"22,052",-28,"$4,542",14.20%,$610.90,38.20%,"$14,652","$11,705"
649,TriNet Group,"2,800",-31,"$4,540",12.50%,$338.00,24.30%,"$3,309","$6,483"
650,Sentry Insurance Group,"4,064",8,"$4,526",26.20%,$739.90,266.70%,"$23,881",-
651,Illumina,"10,775",55,"$4,526",39.70%,$762.00,16.20%,"$15,217","$54,856"
652,Iron Mountain,"25,000",-47,"$4,492",8.30%,$450.20,31.40%,"$14,450","$16,060"
653,LCI Industries,"13,900",131,"$4,473",60.00%,$287.70,81.60%,"$3,288","$2,625"
654,Marvell Technology,"6,712",-,"$4,462",50.30%,-$421.00,-,"$22,109","$60,796"
655,PennyMac Financial Services,"7,208",-88,"$4,450",-1.90%,"$1,003.50",-39.10%,"$18,777","$2,949"
656,Digital Realty Trust,"3,030",-29,"$4,428",13.40%,"$1,709.30",379.60%,"$36,370","$40,338"
657,TreeHouse Foods,"10,000",-93,"$4,406",-3.60%,-$12.50,-190.60%,"$5,207","$1,800"
658,Ralph Lauren,"16,200",-208,"$4,401",-28.60%,-$121.10,-131.50%,"$7,888","$8,073"
659,Mattress Firm Group,"8,900",-,"$4,393",34.90%,-$165.10,-231.40%,"$3,539",-
660,American National Group,"4,545",-24,"$4,392",15.80%,$699.30,49.60%,"$31,320","$5,084"
661,Autodesk,"12,600",-24,"$4,386",15.70%,$497.00,-58.90%,"$8,607","$46,580"
662,Domino's Pizza,"10,450",-52,"$4,357",5.80%,$510.50,3.90%,"$1,672","$14,666"
663,ASGN,"3,900",-41,"$4,334",9.70%,$409.90,104.60%,"$3,503","$6,022"
664,Flowers Foods,"8,900",-76,"$4,331",-1.30%,$206.20,35.40%,"$3,253","$5,439"
665,BlueLinx Holdings,"2,045",62,"$4,277",38.10%,$296.10,266.10%,"$1,318",$700
666,Palo Alto Networks,"10,473",16,"$4,256",24.90%,-$498.90,-,"$10,242","$61,308"
667,Maximus,"35,800",10,"$4,255",22.90%,$291.20,35.80%,"$4,119","$4,641"
668,Dentsply Sirona,"15,000",23,"$4,251",27.20%,$421.00,-,"$9,220","$10,708"
669,Hub Group,"4,700",2,"$4,232",21.10%,$171.50,133.10%,"$2,437","$2,679"
670,Voya Financial,"5,970",-338,"$4,230",-53.70%,"$2,126.00",-,"$171,262","$7,042"
670,Bread Financial Holdings,"6,000",-101,"$4,230",-6.40%,$801.00,274.80%,"$21,746","$2,805"
672,Weis Markets,"24,000",-61,"$4,224",2.70%,$108.80,-8.50%,"$1,911","$1,921"
673,Century Communities,"1,600",44,"$4,216",33.40%,$498.50,141.80%,"$3,497","$1,783"
674,Synopsys,"16,361",-23,"$4,204",14.10%,$757.50,14.00%,"$8,752","$51,023"
675,Brink's,"73,350",-25,"$4,200",13.80%,$105.20,557.50%,"$5,567","$3,234"
676,Lennox International,"11,000",-23,"$4,194",15.40%,$464.00,30.20%,"$2,172","$9,447"
677,Service Corp. International,"20,840",-7,"$4,143",18.00%,$802.90,55.60%,"$15,691","$10,581"
678,Conduent,"60,000",-74,"$4,140",-0.60%,-$28.00,-,"$4,036","$1,112"
679,Timken,"18,029",-10,"$4,133",17.60%,$369.10,29.70%,"$5,171","$4,540"
680,Domtar,"6,100",-127,"$4,132",-11.10%,-$27.00,-,"$4,854",-
681,Bloomin' Brands,"82,000",33,"$4,122",30.00%,$215.60,-,"$3,294","$1,967"
682,CNO Financial Group,"3,350",-50,"$4,122",7.90%,$441.00,46.10%,"$36,204","$2,946"
683,Snap,"5,661",156,"$4,117",64.20%,-$488.00,-,"$7,536","$58,458"
684,Zoom Video Communications,"6,787",126,"$4,100",54.60%,"$1,375.60",104.60%,"$7,551","$35,066"
685,Patrick Industries,"11,000",159,"$4,078",64.00%,$224.90,131.70%,"$2,651","$1,408"
686,Paychex,"15,000",-69,"$4,057",0.40%,"$1,097.50",-0.10%,"$9,227","$49,268"
687,Atlas Air Worldwide Holdings,"4,056",21,"$4,031",25.50%,$493.30,36.90%,"$6,443","$2,523"
688,Bright Health Group,"3,203",-,"$4,029",233.70%,"-$1,184.90",-,"$3,598","$1,214"
689,Peloton Interactive,"8,662",-,"$4,022",120.30%,-$189.00,-,"$4,486","$8,761"
690,Country Financial,"3,149",164,"$4,016",65.30%,$419.20,47.40%,"$16,327",-
691,Qorvo,"8,750",14,"$4,015",24.00%,$733.60,119.40%,"$7,222","$13,456"
692,Catalent,"17,300",36,"$3,998",29.20%,$585.00,165.10%,"$9,112","$19,863"
693,Mercury General,"4,300",-55,"$3,993",5.50%,$247.90,-33.80%,"$6,773","$3,045"
694,AMN Healthcare Services,"3,800",168,"$3,984",66.40%,$327.40,363.30%,"$3,132","$4,796"
695,Tri Pointe Homes,"1,390",5,"$3,982",22.10%,$469.30,66.30%,"$4,336","$2,160"
696,ArcBest,"14,000",59,"$3,980",35.40%,$213.50,200.30%,"$2,113","$1,980"
697,Toro,"10,982",-10,"$3,960",17.20%,$409.90,24.30%,"$2,936","$8,937"
698,Spirit AeroSystems Holdings,"16,100",-14,"$3,953",16.10%,-$540.80,-,"$7,737","$5,131"
699,Align Technology,"22,540",151,"$3,953",59.90%,$772.00,-56.50%,"$5,942","$34,355"
700,loanDepot,"11,307",-117,"$3,943",-11.30%,$113.50,-94.40%,"$11,812","$1,290"
701,APi Group,"13,300",-45,"$3,940",9.80%,$47.00,-,"$5,159","$4,891"
702,American Water Works,"6,400",-62,"$3,930",4.10%,"$1,263.00",78.10%,"$26,075","$30,086"
703,Matson,"4,259",163,"$3,925",64.70%,$927.40,380.30%,"$3,693","$4,928"
704,Diebold Nixdorf,"22,000",-76,"$3,905",0.10%,-$78.80,-,"$3,507",$531
705,Marriott Vacations Worldwide,"20,300",64,"$3,890",34.80%,$49.00,-,"$9,613","$6,620"
706,Terex,"8,600",29,"$3,887",26.10%,$220.90,-,"$2,864","$2,486"
707,Sally Beauty Holdings,"29,000",-39,"$3,875",10.30%,$239.90,111.80%,"$2,847","$1,721"
708,Enovis,"16,200",29,"$3,854",25.50%,$71.70,68.10%,"$8,515","$6,419"
709,IAC/InterActiveCorp,"13,200",31,"$3,845",26.20%,$597.50,121.50%,"$12,300","$9,001"
710,Meritor,"9,600",32,"$3,833",25.90%,$199.00,-18.80%,"$2,938","$2,519"
711,Ventas,434,-77,"$3,828",0.90%,$49.00,-88.80%,"$24,718","$24,676"
712,GoDaddy,"6,611",-15,"$3,816",15.00%,$242.30,-,"$7,417","$14,019"
713,Regal Rexnord,"30,000",50,"$3,810",31.10%,$209.90,10.90%,"$10,282","$10,002"
714,Puget Energy,"3,185",-19,"$3,806",14.40%,$260.80,42.80%,"$15,872",-
715,Clean Harbors,"18,300",6,"$3,806",21.00%,$203.20,50.70%,"$5,654","$6,074"
716,Pinnacle West Capital,"5,872",-59,"$3,804",6.00%,$618.70,12.40%,"$22,003","$8,820"
717,eXp World Holdings,"1,669",-,"$3,771",109.70%,$81.20,160.90%,$414,"$3,149"
718,Mueller Industries,"5,337",143,"$3,769",57.20%,$468.50,235.90%,"$1,729","$3,100"
719,Wynn Resorts,"26,950",221,"$3,764",79.60%,-$755.80,-,"$12,531","$9,243"
720,RH,"6,100",57,"$3,759",32.00%,$688.50,153.30%,"$5,541","$7,079"
721,EPAM Systems,"58,824",87,"$3,758",41.30%,$481.70,47.20%,"$3,523","$16,871"
722,M/I Homes,"1,657",19,"$3,746",23.00%,$396.90,65.40%,"$3,240","$1,262"
723,Generac Holdings,"9,248",122,"$3,737",50.40%,$550.50,57.00%,"$4,878","$18,960"
724,Mettler-Toledo International,"16,700",10,"$3,718",20.50%,$769.00,27.60%,"$3,327","$31,220"
725,Abercrombie & Fitch,"19,250",-1,"$3,713",18.80%,$263.00,-,"$2,940","$1,620"
726,Teradyne,"5,900",-,"$3,703",18.60%,"$1,014.60",29.40%,"$3,809","$19,203"
727,American Equity Investment Life Holding,850,130,"$3,690",52.20%,$474.00,-29.40%,"$78,349","$3,869"
728,Southwest Gas Holdings,"12,720",-30,"$3,681",11.60%,$200.80,-13.60%,"$12,765","$5,234"
729,Pitney Bowes,"11,500",-65,"$3,674",3.40%,-$1.40,-,"$4,959",$900
730,Lamb Weston Holdings,"7,800",-95,"$3,671",-3.20%,$317.80,-13.10%,"$4,209","$8,699"
731,Alliant Energy,"3,313",-51,"$3,669",7.40%,$659.00,7.30%,"$18,553","$15,671"
732,Resolute Forest Products,"6,900",51,"$3,664",30.90%,$307.00,2970.00%,"$3,538",$992
733,Parsons,"15,500",-108,"$3,661",-6.60%,$64.10,-35.00%,"$3,831","$4,012"
734,Trimble,"11,931",-14,"$3,659",16.20%,$492.70,26.40%,"$7,100","$18,123"
735,OGE Energy,"2,185",198,"$3,654",72.20%,$737.30,-,"$12,606","$8,164"
736,Garrett Motion,"7,600",7,"$3,633",19.70%,-,-,"$2,706",$464
737,Winnebago Industries,"6,532",140,"$3,630",54.10%,$281.90,358.80%,"$2,063","$1,771"
738,Ciena,"7,205",-72,"$3,621",2.50%,$500.20,38.40%,"$4,865","$9,223"
739,PriceSmart,"10,400",-45,"$3,620",8.70%,$98.00,25.40%,"$1,706","$2,434"
740,Advantage Solutions,"45,000",-22,"$3,602",14.20%,$54.50,-,"$5,854","$2,030"
741,H&R Block,"38,000",70,"$3,589",35.90%,$683.90,-,"$4,014","$4,285"
742,iHeartMedia,"9,990",11,"$3,558",20.70%,-$159.20,-,"$8,881","$2,728"
743,Super Micro Computer,"4,155",-50,"$3,557",6.50%,$111.90,32.70%,"$2,242","$1,963"
744,Flowserve,"16,000",-101,"$3,541",-5.00%,$125.90,-3.40%,"$4,750","$4,681"
745,Charles River Laboratories International,"19,300",15,"$3,540",21.10%,$391.00,7.30%,"$7,024","$14,425"
746,A.O. Smith,"13,700",21,"$3,539",22.20%,$487.10,41.20%,"$3,474","$10,032"
747,New Residential Investment,"12,296",-,"$3,533",512.80%,$772.20,-,"$39,742","$5,125"
748,Medical Mutual of Ohio,"2,834",-81,"$3,515",-0.30%,$78.30,-22.00%,"$2,646",-
749,Granite Construction,"2,600",-86,"$3,502",-1.70%,$10.10,-,"$2,495","$1,505"
750,Valmont Industries,"11,041",16,"$3,502",20.90%,$195.60,39.00%,"$3,447","$5,083"
751,Sprague Resources,757,135,"$3,498",49.80%,-$68.90,-303.80%,"$1,418",$434
752,Primoris Services,"10,810",-79,"$3,498",0.20%,$115.60,10.10%,"$2,543","$1,270"
753,Cboe Global Markets,"1,196",-74,"$3,495",2.00%,$529.00,13.00%,"$6,815","$12,148"
754,Carter's,"15,900",-9,"$3,486",15.30%,$339.70,209.70%,"$3,202","$3,763"
755,TopBuild,"13,006",40,"$3,486",28.30%,$324.00,31.20%,"$4,259","$5,987"
756,SiteOne Landscape Supply,"5,475",46,"$3,476",28.50%,$238.40,96.50%,"$2,116","$7,256"
757,Texas Roadhouse,"73,300",103,"$3,464",44.40%,$245.30,684.80%,"$2,512","$5,788"
758,Akamai Technologies,"8,700",-47,"$3,461",8.20%,$651.60,17.00%,"$8,139","$19,210"
759,Acuity Brands,"13,000",-63,"$3,461",4.00%,$306.30,23.40%,"$3,575","$6,629"
759,Brown-Forman,"4,700",-70,"$3,461",2.90%,$903.00,9.20%,"$6,522","$31,377"
761,Navient,"5,263",-117,"$3,454",-7.30%,$717.00,74.00%,"$80,605","$2,592"
762,Coterra Energy,936,-,"$3,449",135.20%,"$1,158.00",477.50%,"$19,900","$21,872"
763,Option Care Health,"6,334",-19,"$3,439",13.40%,$139.90,-,"$2,791","$5,139"
764,Floor & Decor Holdings,"9,276",92,"$3,434",41.50%,$283.20,45.30%,"$3,731","$8,574"
765,Public Storage,"5,800",-3,"$3,416",17.20%,"$1,953.30",43.90%,"$17,381","$68,438"
766,Cabot,"4,500",47,"$3,409",30.40%,$250.00,-,"$3,306","$3,871"
767,Crane Holdings,"11,000",-10,"$3,408",16.00%,$435.40,140.60%,"$4,487","$6,159"
768,Atmos Energy,"4,684",10,"$3,408",20.80%,$665.60,10.70%,"$19,609","$16,183"
769,Selective Insurance Group,"2,440",-8,"$3,379",15.60%,$403.80,63.90%,"$10,461","$5,392"
770,Take-Two Interactive Software,"6,495",-40,"$3,373",9.20%,$588.90,45.60%,"$6,028","$17,744"
771,Boyd Gaming,"15,114",145,"$3,370",54.70%,$463.80,-,"$6,224","$7,234"
772,Plexus,"19,200",-87,"$3,369",-0.60%,$138.90,18.20%,"$2,462","$2,299"
773,ScanSource,"2,200",-118,"$3,364",-6.80%,$10.80,-,"$1,672",$891
774,Franchise Group,"11,895",150,"$3,363",56.20%,$363.80,1351.40%,"$3,913","$1,670"
775,NLV Financial,"1,157",48,"$3,351",30.20%,$392.10,102.50%,"$41,942",-
776,CrossAmerica Partners,"2,218",-,"$3,351",87.10%,$21.70,-79.80%,"$1,270",$827
777,Mr. Cooper Group,"8,200",15,"$3,344",22.40%,"$1,454.00",376.70%,"$14,204","$3,369"
778,Fortinet,"10,195",38,"$3,342",28.80%,$606.80,24.20%,"$5,919","$54,957"
779,Brinker International,"59,491",-43,"$3,338",8.40%,$131.60,439.30%,"$2,275","$1,702"
780,Albemarle,"6,000",-57,"$3,328",6.40%,$123.70,-67.10%,"$10,974","$25,899"
781,Peabody Energy,"4,900",-9,"$3,318",15.20%,$360.10,-,"$4,950","$3,392"
782,Light & Wonder,"5,600",12,"$3,310",21.50%,$371.00,-,"$7,883","$5,680"
783,Evercore,"1,940",116,"$3,307",44.70%,$740.10,111.10%,"$3,803","$4,275"
784,Stewart Information Services,"7,300",114,"$3,306",44.50%,$323.20,108.70%,"$2,813","$1,635"
785,Central Garden & Pet,"6,750",19,"$3,304",22.60%,$151.70,25.70%,"$3,117","$2,287"
786,GMS,"5,843",-83,"$3,299",1.80%,$105.60,351.50%,"$2,484","$2,142"
787,H.B. Fuller,"6,500",-1,"$3,278",17.50%,$161.40,30.50%,"$4,275","$3,505"
788,Middleby,"10,624",49,"$3,251",29.30%,$488.50,135.70%,"$6,384","$8,961"
789,Renewable Energy Group,"1,196",139,"$3,244",51.80%,$213.80,74.10%,"$2,559","$3,056"
790,MSC Industrial Direct,"6,472",-78,"$3,243",1.60%,$216.90,-13.60%,"$2,462","$4,758"
791,Vishay Intertechnology,"22,800",49,"$3,241",29.50%,$298.00,142.40%,"$3,543","$2,840"
792,Applied Industrial Technologies,"5,947",-91,"$3,236",-0.30%,$144.80,502.10%,"$2,272","$3,948"
793,Lincoln Electric Holdings,"11,000",16,"$3,234",21.80%,$276.50,34.10%,"$2,592","$8,079"
794,First Horizon,"7,676",-108,"$3,234",-4.60%,$999.00,18.20%,"$89,092","$12,543"
795,Spirit Airlines,"9,823",-,"$3,231",78.50%,-$472.60,-,"$8,540","$2,375"
796,AptarGroup,"13,000",-37,"$3,227",10.20%,$244.10,14.00%,"$4,141","$7,703"
797,Citrix Systems,"9,700",-90,"$3,217",-0.60%,$307.50,-39.00%,"$6,976","$12,705"
798,IDEXX Laboratories,"10,350",2,"$3,215",18.80%,$744.80,28.00%,"$2,437","$46,089"
799,Tetra Tech,"21,000",-51,"$3,214",7.30%,$232.80,33.90%,"$2,577","$8,907"
800,Lyft,"4,453",75,"$3,208",35.70%,"-$1,009.40",-,"$4,774","$13,385"
801,Gannett,"16,300",-118,"$3,208",-5.80%,-$135.00,-,"$2,828",$644
802,ResMed,"7,970",-51,"$3,197",8.10%,$474.50,-23.70%,"$4,728","$35,463"
803,Designer Brands,"13,500",104,"$3,197",43.00%,$154.50,-,"$2,015",$991
804,Graham Holdings,"15,048",-36,"$3,186",10.30%,$352.10,17.20%,"$7,426","$3,001"
805,Vroom,"1,807",-,"$3,184",134.50%,-$370.90,-,"$2,367",$365
806,Worthington Industries,"9,000",-68,"$3,171",3.70%,$723.80,818.60%,"$3,373","$2,538"
807,Calumet Specialty Products Partners,"1,450",96,"$3,148",38.80%,-$260.10,-,"$2,128","$1,071"
808,Xilinx,"4,890",-92,"$3,148",-0.50%,$646.50,-18.40%,"$5,519",-
809,TransUnion,"10,200",-13,"$3,145",15.80%,"$1,387.10",304.20%,"$12,635","$19,883"
810,Travel + Leisure,"16,800",112,"$3,134",45.10%,$308.00,-,"$6,588","$4,966"
811,Callaway Golf,"24,800",-,"$3,133",97.10%,$322.00,-,"$7,748","$4,337"
812,Dycom Industries,"15,024",-102,"$3,131",-2.10%,$48.60,41.50%,"$2,118","$2,821"
813,Columbia Sportswear,"8,325",28,"$3,126",25.00%,$354.10,227.80%,"$3,067","$5,840"
814,II-VI,"22,961",54,"$3,106",30.50%,$297.60,-,"$6,513","$7,708"
815,Change Healthcare,"15,000",-,"$3,090",1470.40%,-$112.20,-,"$10,113","$6,799"
816,Grocery Outlet Holding,875,-94,"$3,080",-1.80%,$62.30,-41.60%,"$2,670","$3,148"
817,AMC Networks,"1,883",-38,"$3,078",9.30%,$250.60,4.40%,"$5,749","$1,722"
818,Hyster-Yale Materials Handling,"8,100",-36,"$3,076",9.40%,-$173.00,-566.30%,"$1,970",$561
819,ChampionX,"7,000",167,"$3,075",61.80%,$113.30,-,"$3,535","$4,977"
820,Comfort Systems USA,"13,200",-44,"$3,074",7.60%,$143.30,-4.50%,"$2,209","$3,201"
821,EQT,693,-82,"$3,065",0.20%,"-$1,155.80",-,"$21,607","$12,955"
822,Brown & Brown,"12,023",-8,"$3,051",16.80%,$587.10,22.20%,"$9,795","$20,396"
823,LGI Homes,952,50,"$3,050",28.80%,$429.60,32.60%,"$2,352","$2,322"
824,Hyatt Hotels,"44,000",122,"$3,028",46.60%,-$222.00,-,"$12,603","$10,498"
825,Comerica,"7,442",-96,"$3,024",-2.30%,"$1,168.00",146.40%,"$94,616","$11,854"
826,Energizer Holdings,"6,000",-51,"$3,022",5.60%,$160.90,-,"$5,008","$2,192"
827,Hill-Rom Holdings,"10,000",-54,"$3,019",4.80%,$248.50,11.40%,"$4,999",-
828,Rackspace Technology,"6,600",-29,"$3,010",11.20%,-$218.30,-,"$6,329","$2,366"
829,Verisk Analytics,"9,367",-41,"$2,999",7.70%,$666.20,-6.50%,"$7,808","$34,616"
830,Spectrum Brands Holdings,"12,100",-209,"$2,998",-24.40%,$189.60,93.90%,"$5,340","$3,618"
831,Euronet Worldwide,"8,800",16,"$2,995",20.70%,$70.70,-,"$4,744","$6,658"
832,TEGNA,"6,200",-76,"$2,991",1.80%,$477.00,-1.20%,"$6,918","$4,963"
833,Vontier,"8,500",-32,"$2,991",10.60%,$413.00,20.80%,"$4,350","$4,088"
834,Cadence Design Systems,"9,298",-29,"$2,988",11.40%,$696.00,17.80%,"$4,386","$45,782"
835,Incyte,"2,094",-28,"$2,986",12.00%,$948.60,-,"$4,933","$17,578"
836,Match Group,"2,520",28,"$2,983",24.80%,$277.70,116.00%,"$5,063","$31,007"
837,Valvoline,"9,800",43,"$2,981",26.70%,$420.00,32.50%,"$3,191","$5,661"
838,EnerSys,"11,400",-107,"$2,978",-3.60%,$143.40,4.60%,"$3,463","$3,076"
839,Avaya Holdings,"8,063",-65,"$2,973",3.50%,-$13.00,-,"$5,985","$1,076"
840,UWM Holdings,"8,000",-311,"$2,970",-39.90%,$98.40,-97.10%,"$22,528","$7,224"
841,Zions Bancorp.,"9,685",-87,"$2,970",1.00%,"$1,129.00",109.50%,"$93,200","$9,958"
842,Quad/Graphics,"15,100",-96,"$2,960",-1.60%,$37.80,-,"$1,890",$389
843,MKS Instruments,"6,200",45,"$2,950",26.60%,$551.40,57.50%,"$4,540","$8,328"
844,Arista Networks,"2,993",45,"$2,948",27.20%,$840.90,32.50%,"$5,734","$42,773"
845,Interactive Brokers Group,"2,571",3,"$2,938",18.50%,$308.00,57.90%,"$109,113","$27,962"
846,Range Resources,527,120,"$2,930",48.80%,$411.80,-,"$6,661","$7,964"
847,Atkore,"3,700",-,"$2,928",65.90%,$587.90,286.00%,"$2,210","$4,416"
848,Cheesecake Factory,"45,800",111,"$2,928",47.60%,$72.40,-,"$2,798","$2,099"
849,First Solar,"4,800",-51,"$2,923",7.80%,$468.70,17.70%,"$7,414","$8,904"
850,Bio-Rad Laboratories,"7,900",-21,"$2,923",14.80%,"$4,245.90",11.60%,"$17,776","$16,982"
851,Cooper Cos.,"12,000",2,"$2,923",20.20%,"$2,944.70",1135.20%,"$9,606","$20,588"
852,Envista Holdings,"11,200",48,"$2,922",28.10%,$340.50,922.50%,"$6,574","$7,883"
853,Alight,"16,000",-,"$2,915",6.90%,-$60.00,-,"$10,988","$5,542"
854,Newmark Group,"6,169",129,"$2,906",52.60%,$750.70,837.70%,"$5,216","$3,010"
855,PC Connection,"2,542",-38,"$2,893",11.70%,$69.90,25.40%,"$1,083","$1,376"
856,Host Hotels & Resorts,160,-,"$2,890",78.40%,-$11.00,-,"$12,352","$13,876"
857,Boston Properties,743,-67,"$2,889",4.40%,$505.20,-42.10%,"$22,365","$20,180"
858,Western Midstream Partners,"1,127",-69,"$2,877",3.80%,$916.30,73.90%,"$11,273","$10,177"
859,Magellan Midstream Partners,"1,715",-4,"$2,870",18.20%,$982.00,20.20%,"$8,030","$10,422"
860,Hillenbrand,"10,500",-24,"$2,865",13.80%,$249.90,-,"$4,015","$3,216"
861,Donaldson,"13,100",-40,"$2,854",10.50%,$286.90,11.60%,"$2,400","$6,416"
862,Moog,"14,000",-91,"$2,852",-1.10%,$157.20,1608.00%,"$3,433","$2,815"
863,Hawaiian Electric Industries,"3,623",-41,"$2,850",10.50%,$246.20,24.40%,"$15,823","$4,630"
864,Five Below,"13,150",105,"$2,848",45.20%,$278.80,126.00%,"$2,881","$8,825"
865,Twilio,"7,867",-,"$2,842",61.30%,-$949.90,-,"$12,999","$29,917"
866,Univision Communciations,-,-36,"$2,841",11.80%,$133.70,-,"$14,055",-
867,Annaly Capital Management,171,-,"$2,836",1188.50%,"$2,389.90",-,"$76,764","$10,281"
868,Fleetcor Technologies,"9,700",-3,"$2,834",18.60%,$839.50,19.20%,"$13,405","$19,398"
869,West Pharmaceutical Services,"10,065",56,"$2,832",31.90%,$661.80,91.20%,"$3,314","$30,508"
870,Green Plains,859,107,"$2,827",47.00%,-$66.00,-,"$2,160","$1,663"
871,Cracker Barrel Old Country Store,"70,000",-38,"$2,821",11.80%,$254.50,-,"$2,392","$2,758"
872,Virtu Financial,973,-168,"$2,812",-13.20%,$476.90,-26.50%,"$10,320","$6,622"
873,Teleflex,"14,000",-41,"$2,810",10.70%,$485.40,44.70%,"$6,872","$16,642"
874,Zynga,"2,952",89,"$2,801",41.80%,-$104.20,-,"$6,359","$10,464"
875,Allegheny Technologies,"6,300",-126,"$2,800",-6.10%,-$38.20,-,"$4,285","$3,351"
876,AppLovin,"1,594",-,"$2,793",92.50%,$35.40,-,"$6,164","$20,697"
877,Waters,"7,800",-3,"$2,786",17.80%,$692.80,32.80%,"$3,095","$18,783"
878,Mutual of America Life Insurance,"1,146",-,"$2,785",83.60%,$50.70,-,"$28,325",-
879,Hovnanian Enterprises,"1,784",6,"$2,783",18.70%,$607.80,1093.50%,"$2,321",$372
880,Amica Mutual Insurance,"3,510",-87,"$2,778",1.80%,$117.10,-36.30%,"$6,937",-
881,Caleres,"7,200",54,"$2,778",31.20%,$137.00,-,"$1,844",$728
882,FTI Consulting,"6,780",-30,"$2,776",12.80%,$235.00,11.50%,"$3,101","$5,400"
883,Overstock.com,"1,350",-56,"$2,774",8.80%,$389.40,595.30%,"$1,066","$1,898"
884,Visteon,"10,000",-56,"$2,773",8.80%,$41.00,-,"$2,234","$3,056"
885,G-III Apparel Group,"3,250",64,"$2,767",34.60%,$200.60,752.00%,"$2,743","$1,296"
886,ITT,"9,900",-37,"$2,765",11.60%,$316.30,336.30%,"$3,565","$6,415"
887,IDEX,"7,536",-6,"$2,765",17.60%,$449.40,19.00%,"$4,917","$14,592"
888,Popular,"8,351",-73,"$2,765",6.20%,$934.90,84.50%,"$75,098","$6,252"
889,Roku,"3,000",-,"$2,765",55.50%,$242.40,-,"$4,082","$16,949"
890,Schnitzer Steel Industries,"3,167",-,"$2,759",61.10%,$165.10,-,"$1,494","$1,445"
891,Brookdale Senior Living,"28,545",-226,"$2,758",-22.10%,-$99.30,-221.10%,"$6,411","$1,308"
892,Werner Enterprises,"13,525",-21,"$2,734",15.30%,$259.10,53.20%,"$2,604","$2,698"
893,Americold Realty Trust,"16,275",64,"$2,715",36.60%,-$30.50,-224.10%,"$8,216","$7,490"
894,SkyWest,"15,205",36,"$2,714",27.60%,$111.90,-,"$7,126","$1,458"
895,Primerica,"3,170",14,"$2,710",22.20%,$373.40,-3.30%,"$16,123","$5,327"
896,McAfee,"2,262",-132,"$2,701",-7.10%,$849.00,-,"$3,422",-
897,Nu Skin Enterprises,"19,600",-77,"$2,696",4.40%,$147.30,-23.00%,"$1,907","$2,386"
898,Copart,"8,600",12,"$2,693",22.10%,$936.50,33.80%,"$4,562","$29,799"
899,PROG Holdings,"2,023",-53,"$2,678",7.80%,$243.60,-,"$1,622","$1,587"
900,Splunk,"7,000",8,"$2,674",19.90%,"-$1,339.10",-,"$5,791","$23,882"
901,MRC Global,"2,600",-75,"$2,666",4.10%,-$14.00,-,"$1,671",$995
902,Stericycle,"15,465",-96,"$2,647",-1.10%,-$27.80,-,"$5,473","$5,416"
903,Maxim Integrated Products,"7,100",9,"$2,633",20.10%,$827.30,26.40%,"$4,523",-
904,Ensign Group,"25,900",-45,"$2,628",9.40%,$194.70,14.20%,"$2,851","$4,958"
905,SM Energy,506,-,"$2,623",132.80%,$36.20,-,"$5,234","$4,747"
906,Kaiser Aluminum,"3,957",-,"$2,622",123.60%,-$18.50,-164.20%,"$2,422","$1,494"
907,Federated Mutual Insurance,"2,702",-10,"$2,612",14.10%,$320.10,61.50%,"$10,537",-
908,F5,"6,429",-26,"$2,603",10.70%,$331.20,7.70%,"$4,997","$12,691"
909,Steelcase,"11,400",-264,"$2,596",-30.30%,$26.10,-86.90%,"$2,354","$1,340"
910,Encore Wire,"1,440",-,"$2,593",103.00%,$541.40,611.80%,"$1,531","$2,250"
911,Guess,"12,500",79,"$2,592",38.10%,$171.40,-,"$2,556","$1,306"
912,Playtika Holding,"4,000",-40,"$2,583",8.90%,$308.50,235.00%,"$2,803","$7,966"
913,Pinterest,"3,225",-,"$2,578",52.30%,$316.40,-,"$3,537","$16,197"
914,WeWork,"4,400",-,"$2,570",-24.80%,"-$4,439.00",-,"$21,756","$4,937"
915,ManTech International,"9,800",-80,"$2,554",1.40%,$137.00,13.70%,"$2,640","$3,518"
916,BrightView Holdings,"20,150",-32,"$2,554",8.80%,$46.30,-,"$3,238","$1,352"
917,NortonLifeLock,"2,800",-286,"$2,552",-33.90%,$554.00,-85.70%,"$6,361","$15,442"
918,Deckers Outdoor,"3,400",11,"$2,546",19.40%,$382.60,38.50%,"$2,168","$7,458"
919,Griffon,"6,700",-61,"$2,542",5.60%,$79.20,48.30%,"$2,605","$1,128"
920,AMC Entertainment Holdings,"17,122",-,"$2,528",103.50%,"-$1,269.10",-,"$10,822","$12,733"
921,Curtiss-Wright,"7,800",-58,"$2,506",4.80%,$267.20,32.70%,"$4,104","$5,771"
922,MYR Group,"7,600",-16,"$2,498",11.20%,$85.00,44.70%,"$1,121","$1,595"
923,Kontoor Brands,"14,000",-,"$2,476",-,$195.40,-,"$1,533","$2,325"
924,Liberty Energy,"3,601",-,"$2,471",155.80%,-$179.20,-,"$2,041","$2,758"
925,Knights of Columbus,749,-47,"$2,468",4.90%,$130.30,37.20%,"$28,838",-
926,AdaptHealth,"10,700",-,"$2,465",133.40%,$156.20,-,"$5,251","$2,147"
927,MillerKnoll,"7,600",-84,"$2,465",-0.90%,$173.10,-,"$2,062","$2,618"
928,Equity Residential,"2,400",-104,"$2,464",-4.20%,"$1,332.90",45.90%,"$21,169","$33,803"
929,DexCom,"6,650",47,"$2,449",27.10%,$154.70,-68.70%,"$4,864","$49,825"
930,Rollins,"16,482",-9,"$2,424",12.20%,$350.70,34.50%,"$1,981","$17,261"
931,Genesco,"11,700",-,"$2,422",35.60%,$114.90,-,"$1,562",$869
932,Bruker,"7,765",26,"$2,418",21.70%,$277.10,75.60%,"$3,650","$9,695"
933,Joann,"13,530",-142,"$2,418",-12.50%,$56.70,-73.30%,"$2,362",$463
934,Wolverine World Wide,"4,400",-,"$2,415",34.80%,$68.60,-,"$2,586","$1,836"
935,Gray Television,"8,801",-68,"$2,413",1.30%,$90.00,-78.00%,"$11,108","$2,093"
936,Affiliated Managers Group,"4,050",15,"$2,412",19.00%,$565.70,179.80%,"$8,876","$5,607"
937,Summit Materials,"5,500",-50,"$2,410",3.30%,$152.20,10.30%,"$4,239","$3,688"
938,SLM,"1,450",-59,"$2,409",2.40%,"$1,160.50",31.80%,"$29,222","$5,130"
939,Belden,"7,400",25,"$2,408",22.10%,$63.90,-,"$3,418","$2,493"
940,Allison Transmission Holdings,"3,400",3,"$2,402",15.40%,$442.00,47.80%,"$4,457","$3,811"
941,Element Solutions,"5,300",-,"$2,400",29.50%,$203.30,168.60%,"$5,138","$5,435"
942,Portland General Electric,"2,839",-16,"$2,396",11.70%,$244.00,57.40%,"$9,494","$4,940"
943,REV Group,"6,800",-41,"$2,381",4.50%,$44.40,-,"$1,238",$843
944,Acadia Healthcare,"19,200",-235,"$2,377",-25.90%,$190.60,-,"$4,768","$5,891"
945,Alexandria Real Estate Equities,559,-55,"$2,374",2.90%,$571.20,-25.90%,"$30,219","$32,189"
946,Nordson,"6,813",-12,"$2,362",11.40%,$454.40,82.10%,"$3,791","$13,157"
947,NewMarket,"2,104",7,"$2,356",17.20%,$190.90,-29.40%,"$2,558","$3,347"
948,Ohio National Mutual,"1,082",-34,"$2,347",7.50%,-$85.20,-177495.80%,"$40,795",-
949,Stepan,"2,439",43,"$2,346",25.50%,$137.80,8.70%,"$2,066","$2,216"
950,Valhi,"2,847",39,"$2,335",24.30%,$127.20,130.40%,"$3,005",$829
951,Hilton Grand Vacations,"13,000",-,"$2,335",161.20%,$176.00,-,"$8,008","$6,248"
952,Cooper-Standard Holdings,"21,300",-82,"$2,330",-1.90%,-$322.80,-,"$2,227",$149
953,Etsy,"2,402",-,"$2,329",35.00%,$493.50,41.30%,"$3,832","$15,788"
954,Crocs,"5,770",-,"$2,313",66.90%,$725.70,132.00%,"$1,545","$4,676"
955,Olympic Steel,"1,642",-,"$2,312",87.40%,$121.10,-,"$1,024",$428
956,Signature Bank,"1,854",-,"$2,311",15.20%,$918.40,73.80%,"$118,445","$18,417"
957,SBA Communications,"1,596",-15,"$2,309",10.80%,$237.60,885.80%,"$9,802","$37,169"
958,Murphy Oil,696,7,"$2,300",16.70%,-$73.70,-,"$10,305","$6,275"
959,Entegris,"6,850",38,"$2,299",23.60%,$409.10,38.70%,"$3,192","$17,831"
960,AvalonBay Communities,"2,883",-64,"$2,295",-0.30%,"$1,004.30",21.30%,"$19,902","$34,710"
961,Saia,"11,600",-,"$2,289",25.60%,$253.20,83.10%,"$1,845","$6,438"
962,E.W. Scripps,"5,600",17,"$2,284",19.20%,$122.70,-54.40%,"$6,658","$1,718"
963,TTEC Holdings,"65,000",11,"$2,273",16.60%,$141.00,18.80%,"$1,997","$3,878"
964,Sun Communities,"5,455",-,"$2,273",62.50%,$380.20,188.80%,"$13,494","$20,373"
965,Alpha Metallurgical Resources,"3,500",-,"$2,259",36.70%,$288.80,-,"$1,858","$2,448"
966,GEO Group,"15,800",-83,"$2,257",-4.00%,$77.40,-31.50%,"$4,537",$810
967,Viasat,"5,800",-75,"$2,256",-2.30%,$3.70,-,"$5,350","$3,630"
968,Benchmark Electronics,"10,900",-18,"$2,255",9.80%,$35.80,154.50%,"$1,904",$881
969,Kar Auction Services,"8,928",-56,"$2,252",2.90%,$66.50,13200.00%,"$7,417","$2,187"
970,TTM Technologies,"16,100",-65,"$2,249",-,$54.40,-69.40%,"$3,026","$1,506"
971,Kirby,"5,125",-51,"$2,247",3.50%,-$247.00,-,"$5,399","$4,346"
972,Woodward,"7,200",-130,"$2,246",-10.00%,$208.60,-13.20%,"$4,091","$7,882"
973,Clear Channel Outdoor Holdings,"4,600",27,"$2,241",20.80%,-$433.80,-,"$5,299","$1,631"
974,Spire,"3,710",25,"$2,236",20.50%,$271.70,206.70%,"$9,356","$3,714"
975,Vista Outdoor,"5,900",-,"$2,226",26.70%,$266.00,-,"$1,765","$2,008"
976,Surgery Partners,"9,600",20,"$2,225",19.60%,-$70.90,-,"$6,118","$4,919"
977,LHC Group,"23,000",-30,"$2,220",7.60%,$115.70,3.70%,"$2,896","$5,230"
978,Amedisys,"21,000",-39,"$2,214",6.90%,$209.10,13.90%,"$1,857","$5,604"
979,Century Aluminum,"2,512",-,"$2,213",37.80%,-$167.10,-,"$1,570","$2,400"
980,Arch Resources,"3,303",-,"$2,208",50.50%,$337.60,-,"$2,117","$2,126"
981,Aerojet Rocketdyne Holdings,"5,000",-36,"$2,188",5.60%,$143.70,4.40%,"$2,434","$3,169"
982,Sleep Number,"5,388",16,"$2,185",17.70%,$153.70,10.50%,$920,"$1,124"
983,HNI,"8,000",-12,"$2,184",11.70%,$59.80,42.70%,"$1,498","$1,569"
984,Pure Storage,"4,200",-,"$2,181",29.50%,-$143.30,-,"$3,135","$10,238"
985,TrueBlue,"6,400",-,"$2,174",17.70%,$61.60,-,"$1,033",$996
986,Party City Holdco,"11,450",-,"$2,171",17.30%,-$6.50,-,"$2,712",$403
987,Dun & Bradstreet Holdings,"6,296",-,"$2,166",24.60%,-$71.70,-,"$9,997","$7,554"
988,Dropbox,"2,667",-8,"$2,158",12.70%,$335.80,-,"$3,091","$8,874"
989,New Jersey Resources,"1,251",-17,"$2,157",10.40%,$117.90,-39.20%,"$5,722","$4,405"
990,Acushnet Holdings,"6,500",-,"$2,148",33.20%,$178.90,86.30%,"$2,006","$2,914"
991,Harsco,"12,000",-,"$2,147",14.60%,-$3.20,-,"$3,054",$970
992,Beazer Homes USA,"1,052",-61,"$2,140",0.60%,$122.00,133.60%,"$2,079",$479
993,Chemed,"14,137",-49,"$2,139",2.90%,$268.60,-15.90%,"$1,343","$7,593"
994,Genesis Energy,"1,898",-,"$2,126",16.50%,-$165.10,-,"$5,906","$1,435"
995,BWX Technologies,"6,600",-63,"$2,124",-,$305.90,9.80%,"$2,501","$4,926"
996,Vizio Holding,800,-,"$2,124",4.00%,-$39.40,-138.40%,$936,"$1,705"
997,1-800-Flowers.com,"4,800",-,"$2,122",42.50%,$118.70,101.10%,"$1,077",$830
998,Cowen,"1,534",-,"$2,113",30.20%,$295.60,36.60%,"$8,749",$744
999,Ashland Global Holdings,"4,100",-130,"$2,111",-11.20%,$220.00,-,"$6,612","$5,602"
1000,DocuSign,"7,461",-,"$2,107",45.00%,-$70.00,-,"$2,541","$21,303"